articulo,marca,nombre,descripcion_lp,talles,curva,precio_excel,match,score,en_sitio,sitio_nombre,sitio_sku,sitio_imagen,sitio_descripcion_corta,sitio_precio,sitio_url
8087,BOYS,Jogging Frisa PST Boys,Jogging Frisa PST Boys,4-6-8-10-12-14-16,1-1-2-2-2-2-2,14990,sku,1.00,si,Jogging de Frisa con Cintura Ajustable Liso,8087%Azul,https://magicstore.com.ar/wp-content/uploads/2025/03/Diseno-sin-titulo-1-1.webp,"Jogging de frisa con cintura ajustable y diseño liso, ideal para los más chicos que buscan comodidad y estilo. Su material suave de frisa brinda calidez y confort, mientras que la cintura ajustable asegura un ajuste perfecto. Perfecto para combinar con buzos, remeras o chaquetas, creando un look casual y cómodo para niños.",32999,https://magicstore.com.ar/jogging-de-frisa-con-cintura-ajustable-liso/
8088,BOYS,Jogging Rustico PST Boys,Jogging Rustico PST Boys,4-6-8-10-12-14-16,1-1-2-2-2-2-2,14990,sku,1.00,si,Jogging rústico niño &#8211; POSTO,8088-verde,https://magicstore.com.ar/wp-content/uploads/2025/08/jogging-rustico.jpg,"Jogging rústico verde unisex, confeccionado en algodón suave con cintura elástica y cordón ajustable para mayor comodidad. Incluye bolsillos laterales y puños elastizados en los tobillos, ideal para uso diario, deportes o relax. Diseño versátil y cómodo para todas las edades.",32999,https://magicstore.com.ar/jogging-rustico-nino-posto/
43048,GIRLS,Buzo capucha PST Girls,Buzo capucha PST Girls,4-6-8-10-12-14-16,1 X TALLE,14990,sku,1.00,si,Buzo Hoodie de Plush,43048-rosa,https://magicstore.com.ar/wp-content/uploads/2026/04/teens10-4.webp,"¡El abrigo ideal para los días más frescos! Este buzo hoodie de plush combina la suavidad extrema con un diseño moderno que a las chicas les encanta. Es una prenda versátil, perfecta tanto para ir al colegio como para un paseo de fin de semana, asegurando que estén abrigadas sin perder el estilo. Características del Producto: Material Premium: Confeccionado en plush de alta calidad, suave al tacto y muy resistente al uso diario. Diseño Funcional: Incluye capucha forrada en contratono y un práctico bolsillo canguro frontal para mantener las manos calentitas. Ajuste Perfecto: Posee puños y cintura elásticos que mantienen la temperatura corporal y brindan libertad de movimiento. Detalles: Cordones decorativos en la capucha que le dan un toque canchero y urbano.",32999,https://magicstore.com.ar/buzo-hoodie-de-plush-2/
43204,GIRLS,Buzo CR PST Girls,Buzo CR PST Girls,4-6-8-10-12-14-16,1-1-2-2-2-2-2,14990,sku,1.00,si,BUZO BASIC,43204-celeste,https://magicstore.com.ar/wp-content/uploads/2026/04/43204-1.jpg,"Buzo de frisa con recortes, liso. Confeccionado en material suave y abrigado, ideal para el día a día. Diseño sencillo y cómodo, disponible en varias tallas y colores.",32999,https://magicstore.com.ar/buzo-basic-4/
43212,GIRLS,Buzo capucha PST Girls,Buzo capucha PST Girls,4-6-8-10-12-14-16,1-1-2-2-2-2-2,19990,sku,1.00,si,BUZO CANGURO,43212,https://magicstore.com.ar/wp-content/uploads/2025/03/magic-149.webp,"Buzo de frisa con capucha forrada, liso. Confeccionado en material suave y abrigado, perfecto para los días fríos. Diseño sencillo y cómodo, disponible en varias tallas y colores.",43999,https://magicstore.com.ar/buzo-canguro/
43367,GIRLS,Campera PST Girls,Campera PST Girls,4-6-8-10-12-14-16,1-1-2-2-2-2-2,17990,sku,1.00,si,Campera de Algodón con Capucha,43367-rojo,https://magicstore.com.ar/wp-content/uploads/2026/04/t4.webp,"¡La aliada ideal para todos los días! Nuestra campera de algodón con capucha combina comodidad y estilo para que los más chicos jueguen sin límites. Está confeccionada con un tejido suave al tacto y resistente a los lavados, ideal para la escuela, el club o una salida de fin de semana. Comodidad total: Corte estándar que permite libertad de movimiento. Detalles funcionales: Cierre frontal reforzado, bolsillos tipo canguro y cordones ajustables en la capucha.",39999,https://magicstore.com.ar/campera-de-algodon-con-capucha-5/
43459,GIRLS,Calza frisada PST Girls,Calza frisada PST Girls,4-6-8-10-12-14-16,1-1-2-2-2-2-2,7990,sku,1.00,si,Calza frisada,43459-negro,https://magicstore.com.ar/wp-content/uploads/2026/04/t1-4.webp,"¡Que el frío no los detenga! Nuestra calza de frisa negra es la solución ideal para mantener a los más chicos abrigados durante todo el invierno. Está confeccionada con una frisa suave y pesada que mantiene el calor corporal sin perder la flexibilidad necesaria para jugar. Interior Soft: Friza premium que brinda una sensación de suavidad única al contacto con la piel. Ideal para el Cole: Por su color y resistencia, es la prenda favorita para el uniforme escolar o gimnasia en días de bajas temperaturas. Resistente: No se hace «pelotita» (anti-pilling) y mantiene el color negro intenso lavado tras lavado.",19500,https://magicstore.com.ar/calza-frisada/
43517,GIRLS,Jogging c/Bols Cargo PST Girls,Jogging c/Bols Cargo PST Girls,4-6-8-10-12-14-16,1-1-2-2-2-2-2,17500,sku,1.00,si,JOGGING CARGO,43517-1,https://magicstore.com.ar/wp-content/uploads/2025/03/magik-2304944.webp,"Jogging cargo de rústico con cordón de lurex, liso. Confeccionado en material cómodo y resistente, ideal para un look casual y cómodo. Disponible en varias tallas y colores.",38500,https://magicstore.com.ar/jogging-cargo-2/
43931,GIRLS,Jogging frisa PST Girls,Jogging frisa PST Girls,4-6-8-10-12-14-16,1-1-2-2-2-2-2,14990,fuzzy,0.50,si,Jogging de Frisa,50089,https://magicstore.com.ar/wp-content/uploads/2025/05/posto-web-1.webp,"Comodidad total para todos los días. Este jogging está confeccionado en frisa suave y abrigada, ideal para los días frescos. Tiene cintura con elástico interno, bolsillos laterales y puños embutidos que le dan un calce moderno y prolijo.",35500,https://magicstore.com.ar/jogging-de-frisa/
50000,BOYS,Remera MC PST Boys,Remera MC PST Boys,4-6-8-10-12-14-16,1-1-2-2-2-2-2,4990,sku,1.00,si,Remera de Algodón Lisa,50000leste,https://magicstore.com.ar/wp-content/uploads/2025/03/magic-325.jpg,"Remera de algodón lisa, perfecta para ofrecer comodidad y frescura durante todo el día. Su material suave y ligero es ideal para el día a día, brindando un look casual y versátil que se adapta a cualquier ocasión. Fácil de combinar con pantalones, shorts o jeans, convirtiéndola en una prenda esencial en el armario de los más chicos.",11999,https://magicstore.com.ar/remera-de-algodon-lisa-2/
50027,BOYS,Campera PST Boys,Campera PST Boys,4-6-8-10-12-14-16,1-1-2-2-2-2-2,19990,sku,1.00,si,Campera de Frisa Clásica con Bolsillos Canguro y Capucha Ajustable,50027,https://magicstore.com.ar/wp-content/uploads/2025/03/campera-lisa.webp,"Campera de frisa clásica con bolsillos canguro y capucha ajustable, perfecta para un look cómodo y funcional. Su diseño sencillo y versátil la hace ideal para los más chicos en cualquier ocasión. Los bolsillos canguro ofrecen comodidad extra, mientras que la capucha ajustable proporciona protección en días frescos. Perfecta para combinar con jeans, pantalones o joggings para un look casual y cómodo.",43999,https://magicstore.com.ar/campera-de-frisa-clasica-con-bolsillos-canguro-y-capucha-ajustable-2/
50028,BOYS,Remera ML PST Boys,Remera ML PST Boys,4-6-8-10-12-14-16,1-1-1-1-2-2-2,5990,sku,1.00,si,Remera de Algodón Lisa,50028leste,https://magicstore.com.ar/wp-content/uploads/2025/03/magic-329-3.webp,"Remera de algodón lisa, ideal para los más chicos que buscan comodidad y frescura. Su material suave y transpirable ofrece confort durante todo el día, mientras que su diseño sencillo permite combinarla fácilmente con otras prendas. Perfecta para un look casual y versátil, ideal para cualquier ocasión.",14500,https://magicstore.com.ar/remera-de-algodon-lisa-5/
50089,BOYS,Jogging Frisa PST Boys,Jogging Frisa PST Boys,4-6-8-10-12-14-16,1-1-2-2-2-2-2,14990,sku,1.00,si,Jogging de Frisa,50089,https://magicstore.com.ar/wp-content/uploads/2025/05/posto-web-1.webp,"Comodidad total para todos los días. Este jogging está confeccionado en frisa suave y abrigada, ideal para los días frescos. Tiene cintura con elástico interno, bolsillos laterales y puños embutidos que le dan un calce moderno y prolijo.",35500,https://magicstore.com.ar/jogging-de-frisa/
50090,BOYS,Jogging Rustico PST Boys,Jogging Rustico PST Boys,4-6-8-10-12-14-16,1-1-2-2-2-2-2,14990,sku,1.00,si,Pantalón jogger unisex &#8211; POSTO,50090-azul,https://magicstore.com.ar/wp-content/uploads/2025/08/JOGGING-AZUL.jpg,"Pantalón jogger azul marino, confeccionado en algodón con interior suave y cálido. Diseño cómodo con cintura elástica ajustable mediante cordón y bolsillos laterales. Ideal para uso diario, deporte o relax, combinando estilo y confort.",32999,https://magicstore.com.ar/pantalon-jogger-unisex-posto/
50106,BOYS,JOGGING CARGO PST BOYS,JOGGING CARGO PST BOYS,4-6-8-10-12-14-16,1-1-2-2-2-2-2,17500,sku,1.00,si,Jogging de Frisa Liso con Bolsillos Cargo y Costuras a Tono,50106,https://magicstore.com.ar/wp-content/uploads/2025/03/magik-2305004.jpg,"Jogging de frisa suave y cálida, con bolsillos cargo para un toque práctico y de estilo. Las costuras a tono añaden un acabado detallado y limpio. Ideal para los días fríos, este jogging ofrece comodidad y funcionalidad en cada movimiento. Perfecto para un look casual y deportivo en invierno.",38500,https://magicstore.com.ar/jogging-de-frisa-liso-con-bolsillos-cargo-y-costuras-a-tono/
50113,BOYS,Buzo Capucha PST Boys,Buzo Capucha PST Boys,4-6-8-10-12-14-16,1-1-2-2-2-2-2,14990,sku,1.00,si,Buzo Hoodie de Algodón con Capucha,50113-azul,https://magicstore.com.ar/wp-content/uploads/2026/04/teens105.webp,"¡El básico que no les puede faltar! Este buzo con capucha (hoodie) está diseñado para bancarse todas las aventuras diarias, desde el colegio hasta una tarde de juegos o salida con amigos. Confeccionado en algodón de primera calidad, ofrece una textura suave al tacto y el abrigo justo para las temporadas intermedias o para usar debajo de una campera en invierno. Su corte clásico y cómodo permite una total libertad de movimiento, mientras que el detalle del interior de la capucha en color gris melange y los cordones blancos le dan un toque moderno y canchero que marca la diferencia",32999,https://magicstore.com.ar/buzo-hoodie-de-algodon-con-capucha-3/
50114,BOYS,Buzo CR PST Boys,Buzo CR PST Boys,4-6-8-10-12-14-16,1-1-2-2-2-2-2,12500,sku,1.00,si,Buzo de frisa Basic,50114-celeste,https://magicstore.com.ar/wp-content/uploads/2026/04/teens10.webp,"¡El aliado ideal para el colegio, el club o las tardes de juego! Nuestro Buzo Basic de frisado está diseñado pensando en la libertad de movimiento que los chicos necesitan, sin perder ese toque canchero que les encanta. Características del Producto: Material de Calidad: Confeccionado en algodón frisado de primera línea, liviano y súper suave al tacto. Ideal para usar solo o sobre una remera. Diseño Clásico: Cuello redondo reforzado y terminaciones en ribb elástico en puños y cintura para un ajuste perfecto que no se deforma con los lavados.",27500,https://magicstore.com.ar/buzo-de-frisa-basic-2/
80031,MICKEY,Buzo capucha Mickey,Buzo capucha Mickey,2-4-6-8,2-2-1-1,17500,fuzzy,0.50,si,Buzo capucha Princesas,82772-beige,https://magicstore.com.ar/wp-content/uploads/2026/02/82772-1.jpg,"Este buzo con capucha es mucho más que un básico de invierno; es un recordatorio diario de que los sueños se hacen realidad. Reuniendo a tres de las princesas más queridas y valientes de Disney —Ariel, Moana y Bella—, creamos una prenda que inspira a las niñas a explorar el mundo con curiosidad y corazón. Pensado para la comodidad total, este hoodie cuenta con una capucha amplia con cordones al tono, ideal para protegerse del viento con estilo. Sus puños y cintura de rib elástico aseguran un calce perfecto que acompaña el movimiento, ya sea para leer un libro como Bella o para salir a la aventura como Moana. Es la prenda «comodín» perfecta: combina con todo y lleva la magia a todas partes.",48500,https://magicstore.com.ar/buzo-capucha-princesas/
80037,MICKEY,Buzo CR Mickey,Buzo CR Mickey,2-4-6-8,2-2-1-1,12500,fuzzy,0.67,si,Buzo de frisa Mickey,80575%gris,https://magicstore.com.ar/wp-content/uploads/2025/02/524-scaled.jpg,"Este buzo de Mickey Mouse de frisa es perfecto para abrigar con estilo. Confeccionado en tela suave y calentita, incluye estampa frontal y en mangas con el clásico personaje de Disney, ideal para los fanáticos del ratón más querido. Su diseño moderno y cómodo lo convierte en una prenda ideal para todos los días.",32999,https://magicstore.com.ar/buzo-de-frisa-mickey/
80139,SPIDERMAN,Pijama ML Spiderman,Pijama ML Spiderman,2-4-6-8-10-12-14,2-3-3-3-1-1-1,16990,sku,1.00,si,Pijama Spidey Night Gear,80139%rojo,https://magicstore.com.ar/wp-content/uploads/2025/02/Gemini_Generated_Image_derlh6derlh6derl.png,"🕷️ ¡Prepárate para una noche de aventuras arácnidas! 🕷️ Con la pijama de Spider-Man, los pequeños héroes podrán descansar como verdaderos trepamuros. Diseñada con materiales suaves y cómodos, esta pijama es perfecta para mantenerlos abrigados durante la noche mientras sueñan con salvar la ciudad. Su diseño inspirado en el icónico traje de Spidey hará que se sientan como su superhéroe favorito.",40999,https://magicstore.com.ar/pijama-spidey-night-gear/
80143,SPIDERMAN,Jogging Spiderman,Jogging Spiderman,2-4-6-8-10-12-14,1-2-2-2-1-1-1,19990,sku,1.00,si,Jogging Disfraz de Frisa Spider-Man &#8211; Marvel,80143%azul,https://magicstore.com.ar/wp-content/uploads/2025/02/Frente-jogging-de-frisa-spiderman.webp,"Jogging disfraz de frisa con recorte estampado. Confeccionado en material suave y cómodo, ideal para un look divertido y original. Diseño moderno y abrigado, perfecto para ocasiones especiales o un estilo único en el día a día.",43999,https://magicstore.com.ar/jogging-spideman/
80191,SPIDERMAN,Buzo Spiderman,Buzo Spiderman,2-4-6-8-10-12-14,1-2-2-2-1-1-1,19990,sku,1.00,si,Buzo Red &amp; Web,80191%rojo,https://magicstore.com.ar/wp-content/uploads/2025/02/magic-9.webp,"¡Vive la acción y el estilo con el Buzo Spider-Man: Red & Web! Este buzo presenta el emblemático diseño de Spider-Man, con detalles en telarañas y colores vibrantes que hacen homenaje a tu héroe arácnido favorito. Hecho con materiales suaves y cómodos, es perfecto para mantenerte abrigado mientras sigues los pasos del hombre araña en cada aventura. Ideal para los días fríos o para cualquier momento en que quieras mostrar tu pasión por Spider-Man, este buzo es la opción perfecta para los verdaderos fanáticos.",43999,https://magicstore.com.ar/buzo-red-web/
80276,AVENGERS,Buzo CR Avengers,Buzo CR Avengers,2-4-6-8-10-12-14,1-2-2-2-1-1-1,16500,sku,1.00,si,Buzo Frisa Avengers,80276%azul,https://magicstore.com.ar/wp-content/uploads/2025/02/AVENGERS-ART.-80276.jpg,"¡Prepárate para la acción con el Buzo Avengers: La Fuerza de la Unidad! Este buzo combina comodidad y estilo con el poder de los Avengers. Con un diseño vibrante que incluye a tus héroes favoritos como Iron Man, Capitán América, Thor y más, este buzo es perfecto para los pequeños que quieren vestir con la energía de los superhéroes más poderosos. Hecho de materiales suaves y duraderos, es ideal para el día a día, brindando todo el poder de la Avengers en cada movimiento. ¡Únete a la liga de los mejores héroes y siente la fuerza!",36500,https://magicstore.com.ar/buzo-frisa-avengers/
80376,CARS,Remera ML Cars,Remera ML Cars,2-4-6-8,1 X TALLE,7990,fuzzy,0.67,si,Remera Cars Niños,80391-blanco,https://magicstore.com.ar/wp-content/uploads/2026/02/remea-1.jpg,"Esta remera es la definición de estilo para los pequeños corredores. Con un diseño «doble manga» que simula una remera de manga corta sobre una de manga larga, ofrece un look canchero y urbano en una sola prenda, perfecto para quienes quieren destacar en la pista y en la calle.",26500,https://magicstore.com.ar/remera-cars-ninos/
80377,CARS,Pijama ML Cars,Pijama ML Cars,2-4-6-8,2-2-1-1,14990,fuzzy,0.67,si,Pijama Cars Niños,80389-negro,https://magicstore.com.ar/wp-content/uploads/2026/02/cars-pijama-1.jpg,"Este pijama de dos piezas es la opción ideal para que los chicos descansen con la máxima suavidad. Con un diseño vibrante y lleno de personalidad, convierte la hora de dormir en el momento más esperado del día.",35999,https://magicstore.com.ar/pijama-cars-ninos/
80385,CARS,Boxer Cars,Boxer Cars,2-4-6-8,2-2-1-1,3990,sku,1.00,si,Bóxer Cars para niño,80385-rojo,https://magicstore.com.ar/wp-content/uploads/2026/02/boxer-cars-1.jpg,"¡Encendé los motores para el día a día! Este bóxer de Cars es la combinación perfecta entre diversión y funcionalidad. Con un diseño lleno de adrenalina, es la prenda interior ideal para que los pequeños corredores se sientan cómodos, seguros y listos para la acción desde la mañana hasta la noche.",9999,https://magicstore.com.ar/boxer-cars-para-nino/
80386,CARS,Buzo capucha Cars,Buzo capucha Cars,2-4-6-8,2-2-1-1,21990,sku,1.00,si,Buzo Cars Niños,80386-azul,https://magicstore.com.ar/wp-content/uploads/2026/02/cars-1.jpg,"¡Sentí la adrenalina de la Copa Pistón! Este buzo con capucha es la prenda definitiva para los pequeños fanáticos de la velocidad. Con un tono azul melange súper combinable y gráficos de alto impacto, ofrece un look deportivo y moderno, ideal para mantenerse abrigado con todo el estilo de Disney-Pixar.",48500,https://magicstore.com.ar/buzo-cars-ninos/
80387,CARS,Buzo Cars,Buzo Cars,2-4-6-8,2-2-1-1,16990,sku,1.00,si,Buzo de Frisa McQueen,80387-beige,https://magicstore.com.ar/wp-content/uploads/2026/02/buzo-cars-1.jpg,"¡Sentí la velocidad con el Rayo McQueen! Este buzo de diseño minimalista en el frente e impactante en la espalda es la prenda definitiva para los fanáticos de Cars. Con un tono arena (sand) súper tendencia, combina la calidez de la frisa premium con un estilo streetwear que no pasa de moda.",37500,https://magicstore.com.ar/buzo-de-frisa-mcqueen/
80389,CARS,Pijama ML Cars,Pijama ML Cars,2-4-6-8,2-2-1-1,14990,sku,1.00,si,Pijama Cars Niños,80389-negro,https://magicstore.com.ar/wp-content/uploads/2026/02/cars-pijama-1.jpg,"Este pijama de dos piezas es la opción ideal para que los chicos descansen con la máxima suavidad. Con un diseño vibrante y lleno de personalidad, convierte la hora de dormir en el momento más esperado del día.",35999,https://magicstore.com.ar/pijama-cars-ninos/
80391,CARS,Remera ML Cars,Remera ML Cars,2-4-6-8,2-2-1-1,10990,sku,1.00,si,Remera Cars Niños,80391-blanco,https://magicstore.com.ar/wp-content/uploads/2026/02/remea-1.jpg,"Esta remera es la definición de estilo para los pequeños corredores. Con un diseño «doble manga» que simula una remera de manga corta sobre una de manga larga, ofrece un look canchero y urbano en una sola prenda, perfecto para quienes quieren destacar en la pista y en la calle.",26500,https://magicstore.com.ar/remera-cars-ninos/
80392,CARS,Remera ML Cars,Remera ML Cars,2-4-6-8,2-2-1-1,10990,sku,1.00,si,Remera Manga Larga Cars,80392-verde,https://magicstore.com.ar/wp-content/uploads/2026/02/80392-1.jpg,"Esta remera manga larga combina la estética racing con un color verde oliva de súper tendencia. Es la prenda ideal para los chicos que buscan comodidad y estilo, perfecta para usar en días de juego o paseos al aire libre.",26500,https://magicstore.com.ar/remera-manga-larga-cars/
80393,CARS,Remera ML Cars,Remera ML Cars,2-4-6-8,2-2-1-1,10990,fuzzy,0.67,si,Remera Cars Niños,80391-blanco,https://magicstore.com.ar/wp-content/uploads/2026/02/remea-1.jpg,"Esta remera es la definición de estilo para los pequeños corredores. Con un diseño «doble manga» que simula una remera de manga corta sobre una de manga larga, ofrece un look canchero y urbano en una sola prenda, perfecto para quienes quieren destacar en la pista y en la calle.",26500,https://magicstore.com.ar/remera-cars-ninos/
80426,TOY STORY,Pijama ML Toy story,Pijama ML Toy story,2-4-6-8,2-2-1-1,14990,sku,1.00,si,Pijama Buzz Toy Story,80426,https://magicstore.com.ar/wp-content/uploads/2025/07/80426.webp,"Pijama Buzz Lightyear de Manga Larga para NiñoPijama de dos piezas con diseño inspirado en el icónico traje de Buzz Lightyear, ideal para pequeños fans de Toy Story. Confeccionado en algodón suave y liviano, perfecto para dormir cómodo toda la noche. Remera de manga larga con estampa del traje de Buzz Pantalón largo con cintura elastizada y puños ajustados Tela respirable y resistente al lavado Un conjunto cómodo y divertido para soñar con misiones espaciales. Disponible en talles del 2 al 8.",35999,https://magicstore.com.ar/pijama-buzz-toy-story/
80429,TOY STORY,Remera ML Toy Story,Remera ML Toy Story,2-4-6-8,2-2-1-1,7990,fuzzy,0.60,si,Remera Manga Larga Toy Story,81701-celeste,https://magicstore.com.ar/wp-content/uploads/2026/02/81701-1.jpg,"Esta remera de Toy Story 5 es ideal para los chicos que buscan un estilo «skater» o descontracturado. Su diseño simula ser una remera de manga corta sobre una de manga larga (efecto superpuesto), brindando toda la onda de las capas sin la incomodidad de usar dos prendas a la vez.",28999,https://magicstore.com.ar/remera-manga-larga-toy-story-2/
80447,TOY STORY,Pijama ML Toy story,Pijama ML Toy story,2-4-6-8,2-2-1-1,14990,sku,1.00,si,Pijama Toy Story Woody Disfraz,80447-blanco,https://magicstore.com.ar/wp-content/uploads/2026/02/80447-1.jpg,"¡Al infinito y más allá&#8230; hasta la hora de dormir! Este pijama de dos piezas convierte la hora de ir a la cama en una aventura del lejano oeste. Con un diseño exclusivo que imita el traje del Comisario Woody, es la prenda perfecta para que los fanáticos de Toy Story jueguen a ser su héroe favorito antes de dormir.",35999,https://magicstore.com.ar/pijama-toy-story-woody-disfraz/
80470,TOY STORY,Pijama ML Toy story,Pijama ML Toy story,2-4-6-8-10,1 X TALLE,14990,fuzzy,1.00,si,Pijama Toy Story,80499-azul,https://magicstore.com.ar/wp-content/uploads/2026/02/80499-1.jpg,"Preparados para la próxima aventura! Este pijama de dos piezas trae lo último del universo Pixar con el logo oficial de Toy Story 5. Un diseño que mezcla a los héroes de siempre con nuevos amigos tecnológicos, ideal para los pequeños fanáticos que siempre quieren estar a la vanguardia.",35999,https://magicstore.com.ar/pijama-toy-story-2/
80488,TOY STORY,Buzo capucha Toy Story,Buzo capucha Toy Story,4-6-8,1 X TALLE,14990,sku,1.00,si,Buzo Espacial Buzz Lightyear,80488%negro,https://magicstore.com.ar/wp-content/uploads/2025/04/123-2.webp,"Buzo de frisa con capucha ajustable forrada y estampado. Confeccionado en material suave y abrigado, ideal para los días fríos. Diseño cómodo y moderno, perfecto para un look casual.",32999,https://magicstore.com.ar/buzo-espacial-buzz-lightyear-2/
80489,TOY STORY,Remera ML Toy Story,Remera ML Toy Story,4-6-8,1 X TALLE,7990,sku,1.00,si,Remera Buzz Lightyear,80489%gris,https://magicstore.com.ar/wp-content/uploads/2025/02/80489-fre-1-scaled.jpg,"Remera de algodón con bajo de manga, estampada. Confeccionada en material suave y cómodo, ideal para un look casual y relajado. Diseño moderno y cómodo, perfecto para el día a día.",19500,https://magicstore.com.ar/remera-buzz-lightyear/
80492,TOY STORY,Boxer Toy story,Boxer Toy story,2-4-6-8,2-2-1-1,3990,slug,1.00,si,Boxer Toy Story,80492-azul,https://magicstore.com.ar/wp-content/uploads/2026/02/80492-1.jpg,"Ropa interior tipo boxer para niños con estampa oficial de Disney Pixar. Un diseño vibrante y cómodo, ideal para que los chicos lleven a sus personajes favoritos todos los días.",9999,https://magicstore.com.ar/boxer-toy-story/
80494,TOY STORY,Buzo capucha Toy story,Buzo capucha Toy story,2-4-6-8,1 X TALLE,21990,sku,1.00,si,Buzo con capucha Toy Story Jessie,80494-durazno,https://magicstore.com.ar/wp-content/uploads/2026/02/80494.webp,"¡Actitud vaquera y mucho estilo! Este buzo canguro captura toda la energía y alegría de Jessie, la vaquerita más valiente de Toy Story. Diseñado en un hermoso color salmón pastel, es la prenda ideal para las niñas que buscan aventuras y comodidad en su día a día. Su diseño lleno de detalles brillantes y temáticos lo convierte en un favorito instantáneo.",48500,https://magicstore.com.ar/buzo-con-capucha-toy-story-jessie/
80495,TOY STORY,Buzo Toy story,Buzo Toy story,2-4-6-8,2-2-1-1,17990,sku,1.00,si,Buzo Toy Story,80495-maiz,https://magicstore.com.ar/wp-content/uploads/2026/02/80495-1.jpg,"¡Conectate con tus personajes favoritos! Este buzo de Toy Story le da un giro moderno y divertido a la ropa infantil. Lejos de los diseños tradicionales, esta prenda presenta a la pandilla de juguetes en una situación muy actual: ¡en una videollamada grupal! Es la elección perfecta para los chicos que aman la película y buscan estar a la moda con un look urbano y relajado",39999,https://magicstore.com.ar/buzo-toy-story-2/
80498,TOY STORY,Pijama ML Toy story,Pijama ML Toy story,2-4-6-8,2-2-1-1,16990,sku,1.00,si,Pijama Toy Story Lotso,80498-rosa,https://magicstore.com.ar/wp-content/uploads/2026/02/80498-1.jpg,"¡Dulzura y color para la hora de dormir! Este pijama de dos piezas trae al personaje más abrazable del universo Pixar: Lotso (Lots-o&#8217;-Huggin&#8217; Bear). Con un diseño vibrante en tonos rosados, es la opción ideal para quienes aman los colores alegres y los personajes icónicos.",40999,https://magicstore.com.ar/pijama-toy-story-lotso/
80499,TOY STORY,Pijama ML Toy story,Pijama ML Toy story,2-4-6-8,2-2-1-1,14990,sku,1.00,si,Pijama Toy Story,80499-azul,https://magicstore.com.ar/wp-content/uploads/2026/02/80499-1.jpg,"Preparados para la próxima aventura! Este pijama de dos piezas trae lo último del universo Pixar con el logo oficial de Toy Story 5. Un diseño que mezcla a los héroes de siempre con nuevos amigos tecnológicos, ideal para los pequeños fanáticos que siempre quieren estar a la vanguardia.",35999,https://magicstore.com.ar/pijama-toy-story-2/
80565,MICKEY,Jogging Mickey,Jogging Mickey,2-4-6-8,2-2-1-1,16990,sku,1.00,si,jogging de frisa Mickey Mouse,80565%gris,https://magicstore.com.ar/wp-content/uploads/2025/01/magic-102.jpg,"Este jogging de Mickey Mouse de frisa es ideal para brindar comodidad y estilo a los más pequeños. Confeccionado en frisa suave y abrigada, cuenta con una cintura ajustable para un calce perfecto. Su diseño incluye un estampado exclusivo de Mickey, aportando un toque divertido y único para los fanáticos de Disney",37500,https://magicstore.com.ar/jogging-de-frisa-mickey-mouse/
80569,MICKEY,Remera ML Mickey,Remera ML Mickey,2-4-6,1 X TALLE,7990,fuzzy,0.67,si,Remera ML Mickey Mouse,81609-marron,https://magicstore.com.ar/wp-content/uploads/2026/02/0307-1-scaled.jpg,"Esta remera es un homenaje a los mejores amigos de Disney. Con un diseño de «doble impacto» que incluye a Mickey, Goofy y Donald, y una combinación de colores vibrante, es la prenda perfecta para compartir buenos momentos y mucha diversión.",26500,https://magicstore.com.ar/remera-ml-mickey-mouse-4/
80570,MICKEY,Remera ML Mickey,Remera ML Mickey,2-4-6,1 X TALLE,7990,sku,1.00,si,Remera Manga larga de Algodon Mickey Mouse &#8211; Disney,80570-Beige,https://magicstore.com.ar/wp-content/uploads/2025/02/frente-remera-manga-larga-algodon-mickey-mouse-disney.webp,"Remera de Manga Larga Mickey Mouse – Disney La remera de manga larga de Mickey Mouse es una prenda esencial para los fans del personaje más icónico de Disney. Confeccionada en algodón 100%, brinda una sensación suave al tacto y una excelente transpirabilidad, ideal para acompañar a los más chicos durante todo el día. Su estampado frontal de Mickey aporta un toque clásico y divertido, mientras que el corte cómodo y versátil permite combinarla fácilmente con joggings, jeans o bermudas para cualquier ocasión. Algodón 100% suave, liviano y respirable Diseño de manga larga para días frescos Estampado original de Mickey Mouse con licencia oficial Corte clásico que brinda comodidad y libertad de movimiento Disponible en varias tallas infantiles Con esta remera de Mickey Mouse, estilo y comodidad se combinan en una prenda ideal para todos los días.",19500,https://magicstore.com.ar/remera-mickey-mouse/
80571,MICKEY,Remera ML Mickey,Remera ML Mickey,2-4,1 X TALLE,7990,sku,1.00,si,Remera Beyond Cool,80571%blanco,https://magicstore.com.ar/wp-content/uploads/2025/01/magic-65.jpg,"¡Mickey está más allá de lo cool! Esta remera manga larga con el mensaje «Beyond Cool» es perfecta para los peques que tienen mucho estilo. Con Mickey en su versión más moderna y divertida, esta prenda cómoda y con actitud asegurará que tu niño se vea genial y se sienta aún mejor. ¡Para pequeños con grandes personalidades!",19500,https://magicstore.com.ar/remera-beyond-cool/
80572,MICKEY,CAMPERA FRISA MICKEY,CAMPERA FRISA MICKEY,2-4-6-8,2-2-1-1,22500,fuzzy,0.50,si,Campera de frisa Stitch,83209-gris,https://magicstore.com.ar/wp-content/uploads/2026/02/83209-1.jpg,"¡Llevá el estilo de Ohana a todos lados! Este buzo de Stitch no es solo una prenda abrigada, es una pieza de colección para los fanáticos de Lilo & Stitch. Diseñado con una combinación de colores moderna y detalles que resaltan, es ideal para un look relajado, urbano y lleno de personalidad.",54999,https://magicstore.com.ar/campera-de-frisa-stitch/
80575,MICKEY,Buzo CR Mickey,Buzo CR Mickey,2-4-6-8,2-2-1-1,14990,sku,1.00,si,Buzo de frisa Mickey,80575%gris,https://magicstore.com.ar/wp-content/uploads/2025/02/524-scaled.jpg,"Este buzo de Mickey Mouse de frisa es perfecto para abrigar con estilo. Confeccionado en tela suave y calentita, incluye estampa frontal y en mangas con el clásico personaje de Disney, ideal para los fanáticos del ratón más querido. Su diseño moderno y cómodo lo convierte en una prenda ideal para todos los días.",32999,https://magicstore.com.ar/buzo-de-frisa-mickey/
80576,MICKEY,Remera ML Mickey,Remera ML Mickey,2-4,1 X TALLE,7990,sku,1.00,si,Remera Mickey Clasico,80576%gris,https://magicstore.com.ar/wp-content/uploads/2025/01/magic-3.jpg,"Remera de algodón con bajo de manga a contratono, estampada. Confeccionada en material suave y cómodo, ideal para un look casual y moderno. Diseño único y estilizado, perfecto para el día a día.",19500,https://magicstore.com.ar/remera-mickey-clasico-2/
80740,AVENGERS,Pijama ML Avengers,Pijama ML Avengers,2-4-6-8-10-12-14,1-2-2-2-1-1-1,14990,sku,1.00,si,Pijama Disfraz Iron Man &#8211; Marvel,80740,https://magicstore.com.ar/wp-content/uploads/2025/03/Conjunto-Pijama-Iron-Man-Marvel.webp,"Pijama Disfraz Iron Man – Marvel Descubre el pijama disfraz Iron Man oficial de Marvel, confeccionado en algodón y modal sublimado con pantalón liso. Su tejido suave y transpirable ofrece un ajuste cómodo, mientras que su diseño inspirado en la armadura de Iron Man aporta un look heroico y moderno. Perfecto para un descanso excepcional y para que los pequeños fanáticos vivan aventuras soñadas cada noche. Materiales premium: mezcla de algodón y modal sublimado Diseño tematizado Iron Man con estampados de alta definición Pantalón liso de corte cómodo y resistente Costuras reforzadas que garantizan durabilidad tras múltiples lavados Fácil cuidado: lavable a máquina y de secado rápido Disponible en varias tallas para niños y niñas fanáticos de Marvel Convierte la hora de dormir en una misión épica con este pijama disfraz Iron Man de Marvel, diseñado para ofrecer estilo, confort y calidad en cada aventura nocturna.",35999,https://magicstore.com.ar/pijama-iron-man/
80753,AVENGERS,Remera ML Avengers,Remera ML Avengers,2-4-6-8-10-12-14-16,1-2-2-2-2-2-2-1,9990,sku,1.00,si,Remera Manga Larga Marvel,80753-gris,https://magicstore.com.ar/wp-content/uploads/2026/02/80753-1.jpg,"¡Llevá el icónico logo de Marvel con orgullo! Esta remera blanca de manga larga es la prenda ideal para media estación o para usar debajo de tus buzos favoritos. Con un diseño clásico y minimalista, combina con absolutamente todo, aportando un estilo urbano y auténtico a los más chicos.",23999,https://magicstore.com.ar/remera-manga-larga-marvel-2/
80760,AVENGERS,Slip Avengers,Slip Avengers,2-4-6-8-10-12,1-2-2-2-2-1,2990,sku,1.00,si,Slip avengers para niños – MARVEL,80760-único,,"Slip avengers para niños – MARVEL. Inspirada en Avengers, disfruta de una prenda que combina estilo y comodidad, confeccionada en JERSEY 24.1 de alta calidad, disponible en talles 2-4-6-8-10-12. Perfecta para destacar en cada ocasión y acompañar tus aventuras diarias. ¡Hazla tuya y renueva tu look con diversión y versatilidad!",0,https://magicstore.com.ar/slip-avengers-para-ninos-marvel/
80786,AVENGERS,Boxer Avengers,Boxer Avengers,4-6-8-10-12,2-2-2-1-1,3990,sku,1.00,si,Boxer avengers para niños – MARVEL,80786-único,,"Boxer avengers para niños – MARVEL. Inspirada en Avengers, disfruta de una prenda que combina estilo y comodidad, confeccionada en JERSEY 24.1 de alta calidad, disponible en talles 4-6-8-10-12-14. Perfecta para destacar en cada ocasión y acompañar tus aventuras diarias. ¡Hazla tuya y renueva tu look con diversión y versatilidad!",0,https://magicstore.com.ar/boxer-avengers-para-ninos-marvel/
80790,AVENGERS,Remera ML Avengers,Remera ML Avengers,2-4-6-8-10-12-14,1-2-2-2-1-1-1,9990,sku,1.00,si,Remera manga larga capitan america,80790%gris,https://magicstore.com.ar/wp-content/uploads/2025/02/80790-frente-1-scaled.jpg,"¡Lleva el espíritu del primer Vengador con la Remera Capitán América! Inspirada en el icónico superhéroe de Marvel, esta remera destaca con un diseño épico que representa el coraje y la justicia de Steve Rogers. Confeccionada en materiales cómodos y de alta calidad, es perfecta para los fanáticos que quieren lucir el escudo del Capitán América con orgullo. Ideal para cualquier ocasión, ya sea una misión heroica o un día de aventuras. ¡Viste como un verdadero defensor de la libertad!",23999,https://magicstore.com.ar/buzo-estampado-gastado/
80802,AVENGERS,Buzo capucha Avengers,Buzo capucha Avengers,2-4-6-8-10-12-14,1-2-2-2-1-1-1,19990,sku,1.00,si,Buzo Marvel,80802%negro,https://magicstore.com.ar/wp-content/uploads/2025/04/magik-2304911.webp,"Abrigo, estilo y acción en una sola prenda. Este buzo canguro de frisa es ideal para los días frescos. Cuenta con capucha forrada en color contratono y cordón ajustable para mayor comodidad. Su estampa con efecto puff y el logo de Marvel le dan un toque único para los fanáticos del universo de superhéroes. Perfecto para combinar con jeans, joggers o pantalones deportivos.",43999,https://magicstore.com.ar/buzo-marvel/
80829,AVENGERS,Buzo Avengers,Buzo Avengers,2-4-6-8-10-12-14,1-2-2-2-1-1-1,17990,sku,1.00,si,Buzo de Frisa Escudo Capitan America &#8211; Marvel,80829-gris,https://magicstore.com.ar/wp-content/uploads/2025/03/Nino-usando-buzo-frisa-Capitan-America-.webp,"h2>Buzo de Frisa Capitán América – Marvel Este buzo de frisa del Capitán América es la prenda ideal para los días fríos. Confeccionado en frisa suave y térmica, brinda un abrigo confortable sin perder libertad de movimiento. Su diseño destaca por el icónico escudo del Capitán América en el frente, ideal para los fanáticos del universo Marvel. El corte clásico, los puños y cintura elastizados y el interior afelpado aseguran un calce cómodo para el día a día, tanto en casa como en la escuela. Una prenda funcional, resistente y llena de estilo. Frisa de alta calidad: suave, abrigada y duradera Escudo del Capitán América Puños y cintura canalé para mejor ajuste Corte regular fit que permite libertad de movimiento Disponible en tallas infantiles Sumá a tu guardarropa el poder del escudo con este buzo de Capitán América, perfecto para cualquier día de acción.",39999,https://magicstore.com.ar/buzo-frisa-capitan-america/
80869,AVENGERS,Pijama ML Avengers,Pijama ML Avengers,2-4-6-8-10-12-14,1-2-2-2-1-1-1,19990,sku,1.00,si,Pijama Marvel Legends,80869leste,https://magicstore.com.ar/wp-content/uploads/2025/02/80869-completo.jpg,"¡Duerme como un verdadero héroe con el Pijama Marvel Heroes! Este pijama presenta a tus superhéroes favoritos de Marvel, incluyendo a Spider-Man, Iron Man, Capitán América, y muchos más. Confeccionado con materiales suaves y cómodos, garantiza un descanso placentero mientras te aventuras en los mundos de tus héroes. Ideal para los más pequeños que sueñan con salvar el día, ¡este pijama te ayudará a recargar energías para tu próxima misión heroica!",47999,https://magicstore.com.ar/pijama-marvel-legends/
80877,AVENGERS,Remera ML Avengers,Remera ML Avengers,2-4-6-8-10-12-14,1 X TALLE,7990,sku,1.00,si,Remera Groot Raices,80877%blanco,https://magicstore.com.ar/wp-content/uploads/2025/01/magic-21.jpg,"Remera de algodón con sobre manga y bordador a contratono. Estampa frontal y en manga con efecto puff. Confeccionada en material suave y cómodo, ideal para un look moderno y estilizado. Diseño único y original, perfecto para destacar en el día a día.",19500,https://magicstore.com.ar/remera-groot-raices-2/
80878,AVENGERS,CAMPERA ABRIGO AVENGERS,CAMPERA ABRIGO AVENGERS,4-6-8-10-12,1 X TALLE,44990,fuzzy,0.50,si,Campera de abrigo Siré,43425-negro,https://magicstore.com.ar/wp-content/uploads/2026/04/t1-3.webp,"Preparalos para los días más fríos con nuestra Campera Inflable Puffer Brillante. Es la combinación perfecta entre estilo moderno y máxima protección térmica. Gracias a su acabado tipo charol/siré, no solo es tendencia, sino que también es súper fácil de limpiar y resistente al viento. Características Principales: Interior de Corderito: Forrada íntegramente en suave corderito premium para mantener el calor corporal en todo momento. Acabado Brillante (Siré): Un look moderno que destaca y repele la humedad superficial. Capucha Protectora: Amplia y forrada, ideal para proteger orejas y cabeza del frío intenso. Diseño Puffer: Estilo inflable con costuras horizontales que aseguran que el relleno se mantenga en su lugar. Cierre Reforzado: Cremallera frontal completa para facilitar el cambiado de los niños.",59999,https://magicstore.com.ar/campera-de-abrigo-sire/
80880,AVENGERS,Pijama ML Avengers,Pijama ML Avengers,2-4-6-8-10-12-14,1-2-2-2-1-1-1,11990,sku,1.00,si,Pijama Guardianes de la galaxia,80880%negro,https://magicstore.com.ar/wp-content/uploads/2025/02/80880-completo.jpg,"¡Únete a los Guardianes de la Galaxia en tus sueños con este increíble pijama! Inspirado en los héroes intergalácticos de Marvel, este pijama presenta a tus personajes favoritos, como Star-Lord, Gamora, Rocket y Groot. Confeccionado con materiales suaves y cómodos, es ideal para una noche llena de aventuras cósmicas. Perfecto para los pequeños fanáticos de los Guardianes, este pijama te llevará a un viaje a través del espacio mientras descansas al máximo.",28999,https://magicstore.com.ar/pijama-guardianes-de-la-galaxia/
80882,AVENGERS,Jogging Avengers,Jogging Avengers,2-4-6-8-10-12-14,1-2-2-2-1-1-1,16990,sku,1.00,si,Jogging Frisa Capitan América,80882%azul,https://magicstore.com.ar/wp-content/uploads/2025/02/magic_Jogging-Frisa-Capitan-America.webp,"¡Corre como un verdadero héroe con el Jogging Capitán América! Inspirado en el Capitán América, este jogging presenta un diseño que refleja la valentía y el espíritu de lucha del superhéroe más icónico de Marvel. Hecho con materiales cómodos y suaves, es perfecto para los pequeños que quieren sentirse como el protector de la libertad, sin perder estilo ni comodidad. Ya sea para entrenar o para descansar, este jogging será tu mejor compañero en cualquier misión. ¡Haz que el poder del escudo del Capitán América te acompañe en cada paso!",37500,https://magicstore.com.ar/jogging-frisa-capitan-america/
80883,AVENGERS,Pijama ML Avengers,Pijama ML Avengers,2-4-6-8-10-12-14,1-2-2-2-1-1-1,14990,sku,1.00,si,Pijama Hulk,80883%negro,https://magicstore.com.ar/wp-content/uploads/2025/02/80883-completo-1.jpg,"¡Despierta el poder de Hulk en tus sueños con este increíble pijama! Diseñado para los fanáticos del Gigante Verde, este pijama presenta detalles vibrantes inspirados en la fuerza imparable de Hulk. Confeccionado con materiales suaves y cómodos, es perfecto para dormir con estilo mientras imaginas tener la fuerza de Hulk al alcance de tu mano. Ideal para los pequeños que sueñan con ser tan fuertes como el héroe más poderoso de Marvel.",35999,https://magicstore.com.ar/pijama-hulk/
80884,AVENGERS,Buzo Avengers,Buzo Avengers,2-4-6-8-10-12-14,1-2-2-2-1-1-1,17990,sku,1.00,si,Buzo Logo Marvel,80884%negro,https://magicstore.com.ar/wp-content/uploads/2025/04/magik-2304804.webp,"Buzo de frisa con gofrado. Confeccionado en material suave y abrigado, ideal para los días fríos. Diseño cómodo y moderno, con textura gofrada que añade un toque único al look.",39999,https://magicstore.com.ar/buzo-logo-marvel-2/
80919,SPIDERMAN,Buzo capucha Spiderman,Buzo capucha Spiderman,2-4-6-8-10-12-14,1-2-2-2-1-1-1,23990,sku,1.00,si,Buzo de frisa Spider-Man &#8211; Marvel,80919%rojo,https://magicstore.com.ar/wp-content/uploads/2025/02/buzo.jpg,"Buzo disfraz con capucha forrada, mangas combinadas y estampa. Confeccionado en material suave y cómodo, ideal para un look divertido y original. Diseño moderno y estilizado, perfecto para ocasiones especiales o para un toque único en el día a día.",52999,https://magicstore.com.ar/buzo-frisa-spiderman/
80948,SURTIDO,Boxer Marvel surtidos,Boxer Marvel surtidos,4-6-8-10-12,2-2-2-1-1,3500,fuzzy,0.50,si,Boxer Marvel,80786-gris,https://magicstore.com.ar/wp-content/uploads/2025/05/80786-C-scaled.webp,"¡Lleva el poder de tus héroes favoritos contigo todos los días! Este boxer oficial de Marvel combina comodidad y estilo en una prenda ideal para fanáticos. Confeccionado en suave algodón con elastano, se adapta perfectamente al cuerpo brindando libertad de movimiento y frescura. Su cintura con elástico personalizado añade un toque distintivo y asegura un calce firme sin perder confort. Perfecto para uso diario o para regalar a cualquier amante del universo Marvel.",9999,https://magicstore.com.ar/boxer-marvel-2/
80962,SPIDERMAN,Jogging Spiderman,Jogging Spiderman,4-6-8-10-12-14-16,1 X TALLE,14990,sku,1.00,si,Jogging Spider-Man,80962-azul,https://magicstore.com.ar/wp-content/uploads/2026/02/80962-2-scaled.jpg,"Este pantalón es la definición de energía en movimiento. Diseñado para destacar, se aleja de los colores oscuros tradicionales para presentar un azul eléctrico (azul francia) vibrante que ilumina cualquier outfit de invierno. Es la prenda ideal para los chicos que quieren sentirse rápidos y ágiles, como su superhéroe favorito. cuenta con una cintura elástica con cordones ajustables al tono (con punteras metálicas) para un calce seguro. Los puños de rib en los tobillos aseguran que el pantalón no se arrastre y permiten lucir las zapatillas. Además, suma practicidad con bolsillos laterales y un bolsillo trasero en el lado derecho, perfecto para guardar pequeños tesoros.",32999,https://magicstore.com.ar/jogging-spider-man/
81002,SPIDERMAN,Buzo capucha Spiderman,Buzo capucha Spiderman,2-4-6-8-10-12-14,1-2-2-2-1-1-1,17500,sku,1.00,si,Buzo Spider-Touch,81002%,https://magicstore.com.ar/wp-content/uploads/2025/02/SPIDER-MAN-ART.81002.jpg,"🕷️ ¡Vístete como un verdadero superhéroe con el buzo de Spider-Man! 🕷️ El buzo de Spider-Man es perfecto para mantener a los pequeños cómodos y con estilo mientras viven sus aventuras diarias. Hecho con materiales suaves y cómodos, este buzo ofrece la combinación ideal de confort y diseño. Con detalles inspirados en el icónico traje de Spider-Man, este buzo es perfecto para los niños que quieren sentirse como su superhéroe favorito en cada momento.",38500,https://magicstore.com.ar/buzo-spider-touch/
81006,SPIDERMAN,Campera Spiderman,Campera Spiderman,2-4-6-8-10-12-14,1-2-2-2-1-1-1,24990,sku,1.00,si,Campera de Frisa Spider-Man &#8211; Marvel,81006-rojo,https://magicstore.com.ar/wp-content/uploads/2025/02/Nino-usando-campera-de-frisa-spider-man-1200x1500-1.jpg,"Campera de Frisa Spider-Man – Marvel Descubre la campera de frisa Spider-Man oficial de Marvel, confeccionada en tejido de frisa premium que aporta calidez y suavidad excepcionales. Su diseño auténtico con estampado de alta definición del icónico superhéroe brinda un estilo urbano y moderno, perfecto para cualquier ocasión. Frisa de alta calidad: térmica, suave y resistente Estampado Spider-Man con licencia oficial Marvel Capucha ajustable con cordón para mayor protección Cierre frontal completo para facilitar el uso Puños y cintura canalé que aseguran un ajuste óptimo Fácil cuidado: lavable a máquina y de secado rápido",54999,https://magicstore.com.ar/campera-frisa-spider-man/
81008,SPIDERMAN,Pijama ML Spiderman,Pijama ML Spiderman,2-4-6-8-10-12-14,2-3-3-3-1-1-1,24990,sku,1.00,si,Pijama Spider-Man plush,81008%negro,https://magicstore.com.ar/wp-content/uploads/2025/02/81008-completo.jpg,"¡Haz que las noches sean aún más cómodas y emocionantes con el Pijama Spider-Man Gamuzado! Confeccionado en un suave y cálido material gamuzado, este pijama es perfecto para mantener a los pequeños abrigados mientras sueñan con salvar la ciudad. El diseño presenta a Spider-Man en su versión más heroica, ideal para los fanáticos del hombre araña. Su textura gamuzada ofrece una sensación extra de suavidad, asegurando que tus pequeños tengan el descanso que merecen. ¡El descanso y la aventura nunca fueron tan cómodos!",59999,https://magicstore.com.ar/pijama-spider-man-plush/
81019,SPIDERMAN,Buzo capucha Spiderman,Buzo capucha Spiderman,2-4-6-8-10-12-14,1-2-2-2-1-1-1,19990,fuzzy,0.50,si,Buzo capucha Princesas,82772-beige,https://magicstore.com.ar/wp-content/uploads/2026/02/82772-1.jpg,"Este buzo con capucha es mucho más que un básico de invierno; es un recordatorio diario de que los sueños se hacen realidad. Reuniendo a tres de las princesas más queridas y valientes de Disney —Ariel, Moana y Bella—, creamos una prenda que inspira a las niñas a explorar el mundo con curiosidad y corazón. Pensado para la comodidad total, este hoodie cuenta con una capucha amplia con cordones al tono, ideal para protegerse del viento con estilo. Sus puños y cintura de rib elástico aseguran un calce perfecto que acompaña el movimiento, ya sea para leer un libro como Bella o para salir a la aventura como Moana. Es la prenda «comodín» perfecta: combina con todo y lleva la magia a todas partes.",48500,https://magicstore.com.ar/buzo-capucha-princesas/
81027,SPIDERMAN,Pijama ML Spiderman,Pijama ML Spiderman,2-4-6-8-10-12-14,1-2-2-2-1-1-1,16990,sku,1.00,si,Pijama Spider-Night,81027%negro,https://magicstore.com.ar/wp-content/uploads/2025/02/magic-207.jpg,"¡Duerme como un héroe con este pijama de Spider-Man! Con un diseño vibrante inspirado en el icónico traje de telaraña, este pijama ofrece comodidad y estilo durante toda la noche. Hecho con materiales suaves y ligeros, garantiza un descanso perfecto mientras tu pequeño sueña con sus aventuras en el mundo de los superhéroes. Ideal para los fanáticos de Spider-Man, este pijama es la prenda perfecta para descansar y estar listo para nuevas misiones al día siguiente. ¡Con Spider-Man, los sueños siempre están llenos de acción!",40999,https://magicstore.com.ar/pijama-spider-night/
81054,SPIDERMAN,Boxer Spiderman,Boxer Spiderman,8-10-12-14,1 X TALLE,3990,slug,1.00,si,Boxer Spiderman,81056-negro,https://magicstore.com.ar/wp-content/uploads/2026/02/81056-1.jpg,"Todo gran traje de superhéroe comienza por la base, y este boxer es el equipamiento fundamental para enfrentar el día con confianza. Diseñado para ofrecer libertad total de movimiento, combina la iconografía clásica del Hombre Araña con un ajuste pensado para la comodidad extrema.",9999,https://magicstore.com.ar/boxer-spiderman/
81056,SPIDERMAN,Boxer Spiderman,Boxer Spiderman,4-6-8-10-12-14,2-2-2-2-1-1,3990,slug,1.00,si,Boxer Spiderman,81056-negro,https://magicstore.com.ar/wp-content/uploads/2026/02/81056-1.jpg,"Todo gran traje de superhéroe comienza por la base, y este boxer es el equipamiento fundamental para enfrentar el día con confianza. Diseñado para ofrecer libertad total de movimiento, combina la iconografía clásica del Hombre Araña con un ajuste pensado para la comodidad extrema.",9999,https://magicstore.com.ar/boxer-spiderman/
81058,SPIDERMAN,Buzo capucha Spiderman,Buzo capucha Spiderman,2-4-6-8-10-12-14,1-2-2-2-1-1-1,23990,sku,1.00,si,Buzo Hoodie Spider-Man,81058-negro,https://magicstore.com.ar/wp-content/uploads/2026/02/2221-1.jpg,"Este buzo es la definición de «negocio por delante, fiesta por detrás». Diseñado para los chicos que buscan un estilo urbano y versátil, combina un frente sobrio con una espalda cargada de identidad arácnida. Es la prenda perfecta para el día a día: fácil de combinar, pero con ese «factor wow» que todo fanático busca.",52999,https://magicstore.com.ar/buzo-hoodie-spider-man/
81060,SPIDERMAN,Buzo Spiderman,Buzo Spiderman,2-4-6-8-10-12-14,1-2-2-2-1-1-1,19990,sku,1.00,si,Buzo Spider-Man,81060,https://magicstore.com.ar/wp-content/uploads/2026/02/81060-2.jpg,"Este buzo es un homenaje directo a la era dorada de los cómics. Diseñado para los pequeños fanáticos que no solo aman al personaje, sino también su historia, transforma una prenda de abrigo en una portada de revista vibrante y llena de energía.",43999,https://magicstore.com.ar/buzo-spider-man-3/
81061,SPIDERMAN,Buzo Spiderman,Buzo Spiderman,2-4-6-8-10-12-14,1-2-2-2-1-1-1,19990,sku,1.00,si,Buzo Spider-Man,81061-azul,https://magicstore.com.ar/wp-content/uploads/2026/02/81061-2.jpg,"Si hay algo que define a Spider-Man es su agilidad, y este buzo captura ese movimiento con un diseño que rompe los esquemas tradicionales. Es la prenda ideal para los chicos que buscan algo más que un básico: un look dinámico, colorido y lleno de personalidad. En el centro, la acción cobra vida: una ilustración gigante de Spider-Man desciende cabeza abajo, listo para lanzar su red, acompañado por el logo oficial de «MARVEL SPIDER-MAN» en el pecho. Confeccionado en frisa de algodón suave y con puños de rib que acompañan el color de cada manga, este buzo garantiza abrigo y estilo en partes iguales.",43999,https://magicstore.com.ar/buzo-spider-man-4/
81065,SPIDERMAN,Campera abrigo Spiderman,Campera abrigo Spiderman,4-6-8-10-12,1-2-2-2-1,44990,fuzzy,0.50,si,Campera de abrigo Siré,43425-negro,https://magicstore.com.ar/wp-content/uploads/2026/04/t1-3.webp,"Preparalos para los días más fríos con nuestra Campera Inflable Puffer Brillante. Es la combinación perfecta entre estilo moderno y máxima protección térmica. Gracias a su acabado tipo charol/siré, no solo es tendencia, sino que también es súper fácil de limpiar y resistente al viento. Características Principales: Interior de Corderito: Forrada íntegramente en suave corderito premium para mantener el calor corporal en todo momento. Acabado Brillante (Siré): Un look moderno que destaca y repele la humedad superficial. Capucha Protectora: Amplia y forrada, ideal para proteger orejas y cabeza del frío intenso. Diseño Puffer: Estilo inflable con costuras horizontales que aseguran que el relleno se mantenga en su lugar. Cierre Reforzado: Cremallera frontal completa para facilitar el cambiado de los niños.",59999,https://magicstore.com.ar/campera-de-abrigo-sire/
81067,SPIDERMAN,Jogging Spiderman,Jogging Spiderman,2-4-6-8-10-12-14,1-2-2-2-1-1-1,19990,sku,1.00,si,Jogging de frisa Spider-Man,81067-azul,https://magicstore.com.ar/wp-content/uploads/2026/02/jogging-3.jpg,"Este pantalón completa el uniforme definitivo para los fanáticos de la vieja escuela. Con un diseño que respira el aire de las historietas clásicas, combina la estética deportiva tradicional con la iconografía vintage de Marvel. Es la prenda perfecta para lograr un look «Varsity» (universitario) impecable.",43999,https://magicstore.com.ar/jogging-de-frisa-spider-man/
81069,SPIDERMAN,Pijama ML Spiderman,Pijama ML Spiderman,4-6-8-10-12-14,2-2-2-2-1-1,16990,sku,1.00,si,Pijama Spider-Man,81069-bordo/marino,https://magicstore.com.ar/wp-content/uploads/2026/02/81069.png,"¡Dulces sueños, pequeños héroes! ✨ Mamá, papá, sabemos que hasta los superhéroes necesitan recargar energía. Con este pijama de dos piezas, la hora de dormir se convertirá en el momento favorito de la noche. ¿Por qué este pijama es súper especial? Estilo de Historieta: La remera de manga larga presenta un diseño frontal vibrante y dinámico, con Spider-Man en múltiples poses de acción y su icónica máscara, todo sobre un fondo estilo cómic que le da un toque moderno y divertido. Colores de Héroe: Combina unas mangas en color rojo intenso con un pantalón azul marino (navy) liso, los colores clásicos que todo fanático de Spidey ama. Comodidad para Soñar: Tejido Suave: Confeccionado en una tela agradable al tacto (algodón/mezcla), ideal para cuidar la piel de los niños y mantenerlos abrigaditos toda la noche. Ajuste Seguro: El pantalón cuenta con cintura elástica suave que no aprieta y puños en los tobillos (tipo jogger), perfectos para que el pantalón no se suba, ¡sin importar cuánto se muevan luchando contra villanos en sus sueños! Detalles de Calidad: Etiqueta lateral de «Magic» que garantiza que estás llevando un producto hecho con amor y magia. 🌟 Producto 100% Original: Calidad garantizada con Licencia Oficial Marvel. ¡Hacé que su descanso sea tan increíble como sus aventuras! 💤🕸️",40999,https://magicstore.com.ar/pijama-spider-man-4/
81070,SPIDERMAN,Pijama ML Spiderman,Pijama ML Spiderman,2-4-6-8-10-12-14,1-2-2-2-1-1-1,19990,sku,1.00,si,Pijama Spider-Man,81070-turquesa,https://magicstore.com.ar/wp-content/uploads/2026/02/81070-2.jpg,"¡Hora de dormir, héroes! Este pijama de dos piezas es el traje oficial para recargar energías antes de la próxima aventura. Con un diseño vibrante y lleno de acción, convierte la rutina de irse a la cama en el momento más esperado del día.",47999,https://magicstore.com.ar/pijama-spider-man-3/
81071,SPIDERMAN,Pijama ML Spiderman,Pijama ML Spiderman,2-4-6-8-10-12-14,1-2-2-2-1-1-1,34990,sku,1.00,si,Pijama Spider-Man,81071-negro,https://magicstore.com.ar/wp-content/uploads/2026/02/81071-5.jpg,"¡Sentido arácnido activado para la hora de dormir! Este pijama de dos piezas es el sueño de cualquier fanático de Spider-Man. Con un diseño de estampado total sobre fondo negro, es una opción moderna y llamativa que combina la estética del cómic con la comodidad necesaria para un buen descanso.",83999,https://magicstore.com.ar/pijama-spider-man-5/
81074,SPIDERMAN,Remera ML Spiderman,Remera ML Spiderman,4-6-8-10-12-14,2-2-2-2-1-1,10990,sku,1.00,si,Remera Manga Larga Spider-Man,81074-gris,https://magicstore.com.ar/wp-content/uploads/2026/02/81074.webp,"¡Aventuras con estilo, mamá y papá! ✨ Para los pequeños que nunca paran de moverse, presentamos esta remera de manga larga que captura toda la energía de Spider-Man. Con un diseño moderno tipo «graffiti», es la prenda perfecta para darle un toque cool a cualquier outfit. ¿Por qué es la favorita de los pequeños héroes? Diseño de Alto Impacto: ¡Spidey entra en acción! El estampado central muestra a Spider-Man en una pose dinámica, rodeado de frases icónicas como «Go Spidey», «Evil Beware» y «Swing On!». Los detalles de manchas de pintura en rojo y azul le dan un look artístico y urbano. Disponible en 2 Colores: Gris Melange: Un clásico versátil que combina con todo, con detalles en rojo. Blanco: Fresco y vibrante, ideal para resaltar los colores del estampado. Comodidad y Calidad: Puños en las mangas: Cuenta con puños de rib elástico que evitan que las mangas se suban o molesten al jugar, manteniendo los brazos siempre cubiertos. Detalle Premium: Posee pequeños tajos laterales en el ruedo inferior (con cinta de color a tono) que no solo suman estilo, sino que permiten mayor libertad de movimiento en la cadera. Tejido Suave: Algodón de alta calidad, suave al tacto y resistente a los lavados. 🌟 Producto 100% Original: Llevate la tranquilidad de comprar una prenda con Licencia Oficial Marvel. ¡Vestí a tu peque con la actitud de un verdadero Vengador! 🕸️💪",26500,https://magicstore.com.ar/remera-manga-larga-spider-man/
81075,SPIDERMAN,Remera ML Spiderman,Remera ML Spiderman,2-4-6-8-10-12-14,1-2-2-2-1-1-1,10990,sku,1.00,si,Remera ML Spider-Man,81075-gris,https://magicstore.com.ar/wp-content/uploads/2026/02/81075-gris-2.jpg,"Si buscás una opción más urbana y versátil que el clásico rojo, esta variante en gris topo (dark grey) es la ganadora. Mantiene toda la adrenalina del diseño original pero con un fondo neutro y moderno, ideal para los chicos que quieren un look de superhéroe con un toque más callejero.",26500,https://magicstore.com.ar/remera-ml-spider-man-2/
81076,SPIDERMAN,Remera ML Spiderman,Remera ML Spiderman,2-4-6-8-10-12-14,1-2-2-2-1-1-1,10990,sku,1.00,si,Remera ML Spider-man,81076-beige,https://magicstore.com.ar/wp-content/uploads/2026/02/0263-1-1-scaled.jpg,"Si buscás una opción más versátil que el clásico rojo pero con la misma energía, esta variante en gris topo (dark grey) es la ganadora. Mantiene toda la adrenalina del diseño original pero con un fondo neutro y moderno, ideal para los chicos que buscan un look de superhéroe con un toque más «streetwear».",26500,https://magicstore.com.ar/remera-ml-spider-man-5/
81077,SPIDERMAN,Remera ML Spiderman,Remera ML Spiderman,4-6-8-10-12-14,2-2-2-2-1-1,11990,sku,1.00,si,Remera con capucha manga larga spider-man,81077-blanco,https://magicstore.com.ar/wp-content/uploads/2026/02/810771.webp,"¡El estilo urbano llega al universo Marvel! Esta prenda es única porque combina la comodidad de una remera con la onda canchera de un buzo con capucha. Es perfecta para los fans del Spider-Man más joven y moderno, Miles Morales. ¿Por qué es una prenda mágica? Diseño Street Art: Presenta un estampado central impactante de Miles Morales en su clásica pose agazapada, con una estética de graffiti y manchas de pintura que le dan un look súper moderno y artístico. Detalles Premium: Costura Bordada a la Vista: Tal como buscabas, cuenta con costuras decorativas tipo bordado en el cuello, capucha y ruedo. En el modelo gris la costura es roja y en el blanco es negra, generando un contraste visual hermoso. Capucha Incorporada: Le da ese toque «cool» que a los chicos les encanta, ideal para protegerse del viento o simplemente para lucir genial. Material: Confeccionada en algodón de excelente calidad, suave al tacto y respirable, ideal para usar todo el día. Variedad: Disponible en dos colores versátiles: Gris Plomo y Blanco. 🌟 Producto 100% Original: Con la garantía y calidad de Marvel.",28999,https://magicstore.com.ar/remera-con-capucha-manga-larga-spider-man-2/
81078,SPIDERMAN,Remera ML Spiderman,Remera ML Spiderman,2-4-6-8-10-12-14,1-2-2-2-1-1-1,10990,sku,1.00,si,Remera Manga Larga Spider-Man,81078-beige,https://magicstore.com.ar/wp-content/uploads/2026/02/810782.webp,"¡Doble dosis de estilo arácnido, mamá y papá! ✨ Esta remera es la elegida para los pequeños que buscan un look moderno y divertido, ¡sin importar por dónde los mires! Con diseños tanto en el frente como en la espalda, es la protagonista de cualquier outfit. ¿Por qué esta remera es un «Must-Have»? Diseño de Doble Impacto: Frente: Luce el logo clásico de «Spider-Man» con una tipografía urbana y la icónica máscara del héroe integrada, ideal para un look limpio y canchero. Espalda: ¡La magia continúa atrás! Cuenta con una estampa posterior que completa el diseño, asegurando que tu pequeño superhéroe se vea genial tanto al llegar como al irse a vivir nuevas aventuras. Colores Tendencia: Disponible en dos opciones que combinan con todo: Blanco: Fresco, luminoso y resalta los colores del estampado. Beige / Camel: Un tono neutro súper moderno que está muy de moda esta temporada. Comodidad Premium: 100% Algodón: Confeccionada en algodón suave y respirable, perfecta para cuidar la piel de los niños. Detalles que Suman: Posee puños de rib en las mangas para un ajuste cómodo que mantiene el abrigo, y una cinta de limpieza en el cuello en color rojo con el logo de Marvel, un detalle de calidad que evita roces molestos. 🌟 Producto 100% Original: Calidad garantizada con Licencia Oficial Marvel. ¡Una prenda completa para un estilo de 360 grados! 🕷️✨",26500,https://magicstore.com.ar/remera-manga-larga-spider-man-4/
81079,SPIDERMAN,Remera ML Spiderman,Remera ML Spiderman,2-4-6-8-10-12-14,1-2-2-2-1-1-1,10990,sku,1.00,si,Remera ML Spider-Man,81079-BLANCO,https://magicstore.com.ar/wp-content/uploads/2026/02/81079-BLANCO-1.jpg,"Esta prenda rompe con el molde clásico de superhéroes para ofrecer un look mucho más urbano y contemporáneo. Es la elección ideal para los chicos que buscan estilo y tendencia, inspirada en la estética «skater» y en los videojuegos más modernos del personaje.",26500,https://magicstore.com.ar/remera-ml-spider-man-4/
81080,SPIDERMAN,Boxer Spiderman,Boxer Spiderman,4-6-8-10-12-14,2-2-2-2-1-1,3990,slug,1.00,si,Boxer Spiderman,81056-negro,https://magicstore.com.ar/wp-content/uploads/2026/02/81056-1.jpg,"Todo gran traje de superhéroe comienza por la base, y este boxer es el equipamiento fundamental para enfrentar el día con confianza. Diseñado para ofrecer libertad total de movimiento, combina la iconografía clásica del Hombre Araña con un ajuste pensado para la comodidad extrema.",9999,https://magicstore.com.ar/boxer-spiderman/
81405,AVENGERS,Boxer Avengers,Boxer Avengers,4-6-8-10-12-14,2-2-2-2-1-1,3990,sku,1.00,si,Boxer Avengers niños,81405-rojo,https://magicstore.com.ar/wp-content/uploads/2026/02/0270-scaled.jpg,"Boxer infantil rojo, confeccionado en tela de alta calidad que ofrece suavidad y confort para el contacto directo con la piel. Diseño divertido con estampado de los rostros de Avengers y cintura elástica a tono, ideal para el uso cotidiano y garantizar seguridad en cada movimiento. Su tejido flexible y respirable garantiza un calce perfecto y frescura durante todo el día. Fácil de lavar y resistente, perfecto para renovar la ropa interior de los más chicos con sus personajes favoritos.",9999,https://magicstore.com.ar/boxer-avengers-ninos/
81410,AVENGERS,Boxer Avengers,Boxer Avengers,4-6-8-10-12-14,2-2-2-2-1-1,3990,sku,1.00,si,Boxer avengers para niños – MARVEL,81410-único,https://magicstore.com.ar/wp-content/uploads/2025/07/boxer-avengers.jpg,"Boxer avengers para niños – MARVEL. Inspirada en Avengers, disfruta de una prenda que combina estilo y comodidad, confeccionada en MODAL SUBLIMADO de alta calidad, disponible en talles 4-6-8-10-12-14. Perfecta para destacar en cada ocasión y acompañar tus aventuras diarias. ¡Hazla tuya y renueva tu look con diversión y versatilidad!",9999,https://magicstore.com.ar/boxer-avengers-para-ninos-marvel-2/
81411,AVENGERS,Boxer Avengers,Boxer Avengers,4-6-8-10-12-14,2-2-2-2-1-1,3990,sku,1.00,si,Boxer avengers negro para niños – MARVEL,81411-negro,https://magicstore.com.ar/wp-content/uploads/2025/07/boxer-avengers-1.jpg,"Boxer avengers negro para niños – MARVEL. Inspirada en Avengers, disfruta de una prenda que combina estilo y comodidad, confeccionada en Modal de alta calidad, disponible en talles 4-6-8-10-12-14. Perfecta para destacar en cada ocasión y acompañar tus aventuras diarias. ¡Hazla tuya y renueva tu look con diversión y versatilidad!",9999,https://magicstore.com.ar/boxer-avengers-negro-para-ninos-marvel/
81413,AVENGERS,Buzo capucha Avengers,Buzo capucha Avengers,2-4-6-8-10-12-14,1-2-2-2-1-1-1,23990,sku,1.00,si,Buzo frisa con capucha de Hulk para niños,81413-negro,https://magicstore.com.ar/wp-content/uploads/2026/02/81413-2.png,"¡Despertá la fuerza de Bruce Banner! Este buzo con capucha combina un diseño minimalista en el frente con un arte explosivo y detallado en la espalda. Es la prenda perfecta para quienes buscan un look streetwear con la esencia de los Avengers, ideal para destacar en cualquier lugar.",52999,https://magicstore.com.ar/buzo-frisa-con-capucha-de-hulk-para-ninos/
81414,AVENGERS,Buzo Avengers,Buzo Avengers,2-4-6-8-10-12-14,1-2-2-2-1-1-1,17990,sku,1.00,si,Buzo de Frisa Avengers para niños,81414-azul,https://magicstore.com.ar/wp-content/uploads/2026/02/0371-scaled.jpg,"¡Llevá el poder de los Avengers a todos lados! Este buzo para niños combina el diseño más canchero con la suavidad que necesitan para jugar sin parar. Confeccionado en frisa de alta calidad, es la prenda ideal para mantener a los más chicos abrigados y cómodos durante toda la temporada de invierno.",39999,https://magicstore.com.ar/buzo-de-frisa-avengers-para-ninos-2/
81417,AVENGERS,Campera Avengers,Campera Avengers,2-4-6-8-10-12-14,1-2-2-2-1-1-1,24990,sku,1.00,si,Campera de Frisa Avengers,81417-verde,https://magicstore.com.ar/wp-content/uploads/2026/02/buzo-avengers-1.jpg,"¡Unite a los héroes más poderosos! Esta campera de frisa combina la versatilidad de un abrigo con cierre con un diseño exclusivo de Marvel. Con un tono verde militar de tendencia, es la prenda perfecta para completar un outfit urbano y estar listo para cualquier aventura.",54999,https://magicstore.com.ar/campera-de-frisa-avengers/
81420,AVENGERS,Jogging Avengers,Jogging Avengers,2-4-6-8-10-12-14,1-2-2-2-1-1-1,19990,sku,1.00,si,Jogging de Frisa Avengers,81420-verde,https://magicstore.com.ar/wp-content/uploads/2026/02/81420.png,¡Armá el conjunto perfecto! Este pantalón jogging de frisa combina la tendencia del color verde militar con un diseño funcional pensado para el movimiento constante. Es la prenda ideal para que los chicos luzcan un look urbano y superheróico sin pasar frío.,43999,https://magicstore.com.ar/jogging-de-frisa-avengers/
81425,AVENGERS,Remera ML Avengers,Remera ML Avengers,2-4-6-8-10-12-14,1-2-2-2-1-1-1,10990,sku,1.00,si,Remera ML Marvel,81425-gris,https://magicstore.com.ar/wp-content/uploads/2026/02/81425-3.jpeg,"¡El estilo del anime llega a los Vengadores! Esta remera de manga larga destaca por su diseño inspirado en la serie «Marvel Future Avengers». Con una estética de dibujo japonés y corte renglán, es la prenda perfecta para los pequeños fanáticos que buscan algo diferente y moderno dentro del universo Marvel.",26500,https://magicstore.com.ar/remera-ml-marvel-2/
81426,AVENGERS,Remera ML Avengers,Remera ML Avengers,2-4-6-8-10-12-14,1-2-2-2-1-1-1,10990,sku,1.00,si,Remera Manga Larga Hulk,81426-verde,https://magicstore.com.ar/wp-content/uploads/2026/02/0377-1-scaled.jpg,"¡Desatá toda la fuerza del Gigante Esmeralda! Esta remera manga larga es el complemento perfecto para cualquier outfit de aventura. Con un diseño vibrante y dinámico, es la prenda favorita para los chicos que aman la acción y quieren lucir un look con mucha personalidad.",26500,https://magicstore.com.ar/remera-manga-larga-hulk-2/
81427,AVENGERS,Remera ML Avengers,Remera ML Avengers,4-6-8-10-12-14,2-2-2-2-1-1,10990,sku,1.00,si,Remera Marvel Spiderman vs. Hulk,81427-gris,https://magicstore.com.ar/wp-content/uploads/2026/02/81067-1.jpg,"¡Dos leyendas en una sola prenda! Esta remera de diseño minimalista en el frente y arte explosivo en la espalda es una pieza de colección para los verdaderos fans. Con una estética que rinde homenaje a las viñetas clásicas, es la opción ideal para un look streetwear auténtico y lleno de acción.",26500,https://magicstore.com.ar/remera-marvel-spiderman-vs-hulk/
81428,AVENGERS,Remera ML Avengers,Remera ML Avengers,2-4-6-8-10-12-14,1-2-2-2-1-1-1,10990,sku,1.00,si,Remera ML Capitán América,81428-negro,https://magicstore.com.ar/wp-content/uploads/2026/02/81428-4.jpeg,"¡Liderazgo y estilo para el día a día! Esta remera de manga larga rinde homenaje al líder de los Avengers. Con un diseño gráfico moderno que mezcla tipografía y símbolos icónicos, es la prenda ideal para que los chicos lleven a su héroe favorito a todas partes. Disponible en dos colores con diseños centrales distintos.",26500,https://magicstore.com.ar/remera-ml-capitan-america-2/
81600,MICKEY,Boxer Mickey,Boxer Mickey,2-4-6-8,2-2-1-1,3990,sku,1.00,si,Boxer mickey azul para niños – DISNEY,81600-marino,https://magicstore.com.ar/wp-content/uploads/2025/07/boxer-mickey-mouse.webp,"Boxer mickey marino para niños – DISNEY. Inspirada en Mickey, disfruta de una prenda que combina estilo y comodidad, confeccionada en Modal Sublimado de alta calidad, disponible en talles 2-4-6-8. Perfecta para destacar en cada ocasión y acompañar tus aventuras diarias. ¡Hazla tuya y renueva tu look con diversión y versatilidad!",9999,https://magicstore.com.ar/boxer-mickey-marino-para-ninos-disney/
81602,MICKEY,Buzo capucha Mickey,Buzo capucha Mickey,2-4-6-8,2-2-1-1,19990,sku,1.00,si,Buzo con capucha de frisa Mickey Mouse,81602-beige,https://magicstore.com.ar/wp-content/uploads/2026/02/buzo-beige-1.jpg,"Este buzo con capucha en color crudo/beige es la combinación perfecta entre la tendencia de tonos neutros y la diversión de Disney. Su principal atractivo es el juego de texturas, convirtiéndolo en una prenda única y súper agradable al tacto.",43999,https://magicstore.com.ar/buzo-con-capucha-de-frisa-mickey-mouse/
81603,MICKEY,Buzo Mickey,Buzo Mickey,2-4-6-8,2-2-1-1,16990,sku,1.00,si,Buzo de Frisa Mickey Mouse,81603-gris,https://magicstore.com.ar/wp-content/uploads/2026/02/0289-1-scaled.jpg,Este buzo gris rinde homenaje al ícono de Disney con un diseño que mezcla bocetos artísticos y colores vibrantes. Es la prenda perfecta para darle un toque «cool» y atemporal al look de todos los días.,37500,https://magicstore.com.ar/buzo-de-frisa-mickey-mouse-2/
81605,MICKEY,Jogging Mickey,Jogging Mickey,2-4-6-8,2-2-1-1,19990,sku,1.00,si,Jogging Mickey Mouse,81605-azul,https://magicstore.com.ar/wp-content/uploads/2026/02/816053.jpeg,"Este pantalón de jogging es la combinación ideal de estilo retro y confort moderno. Con sus franjas laterales y detalles estampados, remite a la estética deportiva clásica, siendo el compañero perfecto para la Campera Universitaria o para cualquier look casual de juego.",43999,https://magicstore.com.ar/jogging-mickey-mouse-2/
81606,MICKEY,Pijama ML Mickey,Pijama ML Mickey,2-4-6-8,2-2-1-1,24990,sku,1.00,si,Pijama Mickey Mouse,81606-beige,https://magicstore.com.ar/wp-content/uploads/2026/02/pijama-mickey-1.jpg,"Este pijama de dos piezas combina la ternura de Mickey con una estética artística y moderna. Con un fondo beige súper tendencia y detalles coloridos, es el conjunto ideal para que los chicos descansen cómodos y se levanten con toda la energía.",59999,https://magicstore.com.ar/pijama-mickey-mouse-2/
81607,MICKEY,Pijama ML Mickey,Pijama ML Mickey,2-4-6-8,2-2-1-1,14990,sku,1.00,si,Pijama Mickey &amp; Friends,81607-azul,https://magicstore.com.ar/wp-content/uploads/2026/02/81607.jpg,"¡Toda la banda de Disney reunida para las mejores noches de sueños y juegos! Un conjunto vibrante y lleno de energía con los personajes más queridos. Diseño Multicolor: La remera presenta un frente dividido en cuatro paneles tipo pop art con ilustraciones a todo color de Mickey Mouse, Goofy, el Pato Donald y Pluto. Comodidad Total: Conjunto de dos piezas compuesto por una remera de manga larga y un pantalón largo, ambos en un azul intenso que resalta el diseño frontal. Ajuste Perfecto: La remera cuenta con cuello redondo y puños de rib elástico. El pantalón posee cintura elástica y puños en los tobillos para asegurar que la prenda se mantenga en su lugar y brinde mayor abrigo. Calidad Garantizada: Confeccionado en materiales suaves y resistentes, ideales para el descanso y el uso cotidiano. 🌟 Producto 100% Original: Calidad y magia aseguradas bajo licencia oficial de Disney.",35999,https://magicstore.com.ar/pijama-mickey-friends/
81608,MICKEY,Remera ML Mickey,Remera ML Mickey,2-4-6-8,2-2-1-1,10990,sku,1.00,si,Remera ML Mickey Mouse,81608-azul,https://magicstore.com.ar/wp-content/uploads/2026/02/0297-scaled.jpg,"sta remera color azul es mucho más que un básico. Con un diseño inspirado en el «Doodle Art» (arte de garabatos) y frases motivacionales, es la prenda perfecta para los chicos que disfrutan de la vida con alegría y autenticidad.",26500,https://magicstore.com.ar/remera-ml-mickey-mouse-2/
81609,MICKEY,Remera ML Mickey,Remera ML Mickey,2-4-6-8,2-2-1-1,10990,sku,1.00,si,Remera ML Mickey Mouse,81609-marron,https://magicstore.com.ar/wp-content/uploads/2026/02/0307-1-scaled.jpg,"Esta remera es un homenaje a los mejores amigos de Disney. Con un diseño de «doble impacto» que incluye a Mickey, Goofy y Donald, y una combinación de colores vibrante, es la prenda perfecta para compartir buenos momentos y mucha diversión.",26500,https://magicstore.com.ar/remera-ml-mickey-mouse-4/
81700,TOY STORY,Remera ML Toy story,Remera ML Toy story,2-4-6-8,2-2-1-1,11990,sku,1.00,si,Remera Manga Larga Toy Story,81700-beige,https://magicstore.com.ar/wp-content/uploads/2026/02/81700.webp,"Esta remera de manga larga reinventa al vaquero favorito de todos. Con un color base natural que combina con todo, presenta a Woody listo para la acción con un look renovado y un fondo inspirado en el mundo de las apps y los juegos",28999,https://magicstore.com.ar/remera-manga-larga-toy-story/
81701,TOY STORY,Remera ML Toy story,Remera ML Toy story,2-4-6-8,2-2-1-1,11990,sku,1.00,si,Remera Manga Larga Toy Story,81701-celeste,https://magicstore.com.ar/wp-content/uploads/2026/02/81701-1.jpg,"Esta remera de Toy Story 5 es ideal para los chicos que buscan un estilo «skater» o descontracturado. Su diseño simula ser una remera de manga corta sobre una de manga larga (efecto superpuesto), brindando toda la onda de las capas sin la incomodidad de usar dos prendas a la vez.",28999,https://magicstore.com.ar/remera-manga-larga-toy-story-2/
81702,TOY STORY,Remera ML Toy story,Remera ML Toy story,2-4-6-8,2-2-1-1,11990,fuzzy,0.60,si,Remera Manga Larga Toy Story,81701-celeste,https://magicstore.com.ar/wp-content/uploads/2026/02/81701-1.jpg,"Esta remera de Toy Story 5 es ideal para los chicos que buscan un estilo «skater» o descontracturado. Su diseño simula ser una remera de manga corta sobre una de manga larga (efecto superpuesto), brindando toda la onda de las capas sin la incomodidad de usar dos prendas a la vez.",28999,https://magicstore.com.ar/remera-manga-larga-toy-story-2/
82049,MINNIE,Buzo Capucha Minnie,Buzo Capucha Minnie,4-6-8-10,1 X TALLE,22500,sku,1.00,si,Buzo crop Minnie Mouse,82049%lila,https://magicstore.com.ar/wp-content/uploads/2025/01/magik-2304696.jpg,"Dale un giro audaz a tu look con nuestro buzo de frisa crop con detalles únicos y súper cancheros. Con tanca ajustable en la cintura, podés regular el calce para un fit más personalizado y moderno. La capucha forrada aporta abrigo extra, ideal para los días frescos. El detalle estrella: un aplique con print leopardo que se combina con estampa frontal, creando un diseño urbano, atrevido y a la moda. Hecho en frisa suave y abrigada, es perfecto para combinar con joggers o jeans de tiro alto. ¡Un must-have de temporada!",49500,https://magicstore.com.ar/buzo-crop-minnie-mouse/
82055,MINNIE,Buzo CR Minnie,Buzo CR Minnie,2-4-6-8-10,1-2-2-2-1,12500,sku,1.00,si,Buzo Frisa Minnie Mouse,82055-gris,https://magicstore.com.ar/wp-content/uploads/2025/02/MINNIE-ART.-82055.jpg,"¡Que tu pequeña se divierta con estilo con este adorable buzo de Minnie Mouse! Con un diseño encantador de Minnie dibujada en su pose clásica, este buzo es perfecto para las fans de Disney que buscan comodidad y estilo. Hecho de tela suave y cálida, es ideal para días de juegos y aventuras. 🎀🐭 ¡Un toque de diversión y alegría con Minnie en cada momento!",27500,https://magicstore.com.ar/buzo-frisa-minnie-mouse/
82065,MINNIE,Calza Minnie,Calza Minnie,4-6-8-10,1 X TALLE,7500,slug,1.00,si,Calza Minnie,82065%rosa,https://magicstore.com.ar/wp-content/uploads/2025/02/MINNIE-ART.-82065-1.webp,"¡Haz que cada paso sea alegre con esta encantadora calza de Minnie Mouse! Con un diseño vibrante que destaca el icónico lazo de Minnie, esta calza es perfecta para las pequeñas que adoran la magia de Disney. Confeccionada en tela suave y elástica, ofrece total comodidad para todo el día de juego, risas y diversión. 🎀✨ ¡Un toque de Disney en cada movimiento!",17999,https://magicstore.com.ar/calza-minnie/
82067,MINNIE,Calza Minnie,Calza Minnie,2-4-6-8-10,1-2-2-2-1,7500,slug,1.00,si,Calza Minnie,82065%rosa,https://magicstore.com.ar/wp-content/uploads/2025/02/MINNIE-ART.-82065-1.webp,"¡Haz que cada paso sea alegre con esta encantadora calza de Minnie Mouse! Con un diseño vibrante que destaca el icónico lazo de Minnie, esta calza es perfecta para las pequeñas que adoran la magia de Disney. Confeccionada en tela suave y elástica, ofrece total comodidad para todo el día de juego, risas y diversión. 🎀✨ ¡Un toque de Disney en cada movimiento!",17999,https://magicstore.com.ar/calza-minnie/
82295,PRINCESAS,Buzo capucha Princesas,Buzo capucha Princesas,2-4-6-8-10,1 X TALLE,14990,slug,1.00,si,Buzo capucha Princesas,82772-beige,https://magicstore.com.ar/wp-content/uploads/2026/02/82772-1.jpg,"Este buzo con capucha es mucho más que un básico de invierno; es un recordatorio diario de que los sueños se hacen realidad. Reuniendo a tres de las princesas más queridas y valientes de Disney —Ariel, Moana y Bella—, creamos una prenda que inspira a las niñas a explorar el mundo con curiosidad y corazón. Pensado para la comodidad total, este hoodie cuenta con una capucha amplia con cordones al tono, ideal para protegerse del viento con estilo. Sus puños y cintura de rib elástico aseguran un calce perfecto que acompaña el movimiento, ya sea para leer un libro como Bella o para salir a la aventura como Moana. Es la prenda «comodín» perfecta: combina con todo y lleva la magia a todas partes.",48500,https://magicstore.com.ar/buzo-capucha-princesas/
82384,MINNIE,Camison ML Minnie,Camison ML Minnie,2-4-6-8-10,1 X TALLE,7500,sku,1.00,si,Remera Minnie Mouse,82384%negro,https://magicstore.com.ar/wp-content/uploads/2025/02/MINNIE-ART.-82384.jpg,"¡El dúo más querido de Disney llega en esta encantadora remera de Minnie y Mickey! Con un diseño lleno de ternura y diversión, esta prenda es perfecta para las pequeñas fans de estos personajes clásicos. Confeccionada en tela suave y cómoda, es ideal para acompañar cada aventura con el toque especial de Disney. ¡Un básico lleno de alegría y estilo!",17999,https://magicstore.com.ar/remera-minnie-mouse-3/
82651,MINNIE,Buzo Capucha Minnie,Buzo Capucha Minnie,2-4-6-8-10-12,1-2-2-2-2-1,22500,sku,1.00,si,Buzo minnie para niñas – DISNEY,82651-único,https://magicstore.com.ar/wp-content/uploads/2025/07/buzo-minnie.png,"Buzo minnie para niñas – DISNEY. Inspirada en Minnie, disfruta de una prenda que combina estilo y comodidad, confeccionada en RUSTICO de alta calidad, disponible en talles 2-4-6-8-10-12. Perfecta para destacar en cada ocasión y acompañar tus aventuras diarias. ¡Hazla tuya y renueva tu look con diversión y versatilidad!",49500,https://magicstore.com.ar/buzo-minnie-para-ninas-disney/
82661,MINNIE,CAMPERA Capucha MINNIE,CAMPERA Capucha MINNIE,2-4-6-8,1 X TALLE,22500,sku,1.00,si,Campera de frisa Minnie,82661%azul,https://magicstore.com.ar/wp-content/uploads/2025/02/magik-2304711.jpg,"Abrigo con magia y estilo: esta campera de Minnie Mouse de frisa es ideal para los días frescos. Confeccionada en algodón abrigado, incluye capucha forrada y ajustable para mayor comodidad y protección. Su diseño destaca por la doble estampa de Minnie con detalles en glitter brillante, perfecta para las pequeñas fanáticas de Disney. Cómoda, cálida y con mucho estilo.",49500,https://magicstore.com.ar/campera-de-frisa-minnie/
82663,MINNIE,PIJAMA ML MINNIE,PIJAMA ML MINNIE,2-4-6-8-10-12,1-2-2-2-1-1,19990,fuzzy,0.67,si,Pijama Minnie Dream,82664%rosa,https://magicstore.com.ar/wp-content/uploads/2025/02/mgc-3305447.jpg,"¡Hora de dormir con estilo y diversión con este adorable pijama de Minnie Mouse! Con un diseño cómodo y encantador, es perfecto para las pequeñas fans de Minnie, haciendo que cada noche sea mágica y llena de dulces sueños. 🎀🌙",37500,https://magicstore.com.ar/pijama-minnie-dream/
82665,MINNIE,PIJAMA ML MINNIE,PIJAMA ML MINNIE,2-4-6-8-10,1 X TALLE,29990,sku,1.00,si,Pijama Minnie Mouse Plush,82665%rosa,https://magicstore.com.ar/wp-content/uploads/2025/02/82665-completo.webp,"Este conjunto de pijama de dos piezas está hecho de plush sublimado, proporcionando una sensación suave y cálida para las noches frías. La camiseta de manga larga presenta una estampa vibrante, mientras que el pantalón a juego con cintura elástica ofrece un ajuste cómodo y práctico. Ideal para el descanso y la comodidad durante el invierno.",71999,https://magicstore.com.ar/pijama-minnie-mouse-plush/
82667,MINNIE,Remera ML Minnie,Remera ML Minnie,2-4-6-8-10,1-2-2-2-1,9990,fuzzy,0.67,si,Remera Minnie Mouse,83007-negro,https://magicstore.com.ar/wp-content/uploads/2026/02/0361-2-scaled.jpg,"Esta remera negra de manga larga eleva cualquier outfit básico gracias a sus detalles de alta costura. Es la opción perfecta para las niñas que aman brillar, combinando la sofisticación del color negro con la diversión de las lentejuelas.",26500,https://magicstore.com.ar/remera-minnie-mouse-4/
82695,MINNIE,Buzo Capucha Minnie,Buzo Capucha Minnie,2-4-6-8-10,1-2-2-2-1,24990,sku,1.00,si,Buzo Hoodie Minnie Mouse,82695-durazno,https://magicstore.com.ar/wp-content/uploads/2026/02/82695-1.jpg,"Este buzo con capucha en un hermoso tono salmón pastel es la prenda estrella de la temporada. Con un diseño que mezcla la estética deportiva (gorra y tipografía varsity) con el encanto clásico de Minnie, es ideal para las niñas que marcan tendencia.",54999,https://magicstore.com.ar/buzo-hoodie-minnie-mouse/
82699,MINNIE,Buzo CR Minnie,Buzo CR Minnie,2-4-6-8-10,1-2-2-2-1,17990,fuzzy,0.50,si,Buzo Hoodie Minnie Mouse,82695-durazno,https://magicstore.com.ar/wp-content/uploads/2026/02/82695-1.jpg,"Este buzo con capucha en un hermoso tono salmón pastel es la prenda estrella de la temporada. Con un diseño que mezcla la estética deportiva (gorra y tipografía varsity) con el encanto clásico de Minnie, es ideal para las niñas que marcan tendencia.",54999,https://magicstore.com.ar/buzo-hoodie-minnie-mouse/
82736,PRINCESAS,Buzo Capucha Princesas,Buzo Capucha Princesas,2-4-6-8-10,1-2-2-2-1,19990,slug,1.00,si,Buzo capucha Princesas,82772-beige,https://magicstore.com.ar/wp-content/uploads/2026/02/82772-1.jpg,"Este buzo con capucha es mucho más que un básico de invierno; es un recordatorio diario de que los sueños se hacen realidad. Reuniendo a tres de las princesas más queridas y valientes de Disney —Ariel, Moana y Bella—, creamos una prenda que inspira a las niñas a explorar el mundo con curiosidad y corazón. Pensado para la comodidad total, este hoodie cuenta con una capucha amplia con cordones al tono, ideal para protegerse del viento con estilo. Sus puños y cintura de rib elástico aseguran un calce perfecto que acompaña el movimiento, ya sea para leer un libro como Bella o para salir a la aventura como Moana. Es la prenda «comodín» perfecta: combina con todo y lleva la magia a todas partes.",48500,https://magicstore.com.ar/buzo-capucha-princesas/
82737,PRINCESAS,Camison ML PRINCESAS,Camison ML PRINCESAS,2-4-6-8-10-12,1-2-2-2-2-1,10990,sku,1.00,si,Camison Ariel La Sirenita,82737%verde,https://magicstore.com.ar/wp-content/uploads/2025/02/82737.webp,"El camisón de algodón y modal con volados sublimado es una prenda delicada y femenina, pensada para brindar comodidad y un toque de estilo único. Hecho con una mezcla de algodón y modal, este camisón ofrece una sensación suave y ligera al contacto con la piel, asegurando frescura y confort durante toda la noche. Los volados en los bordes agregan un detalle romántico y elegante, aportando fluidez y movimiento a la prenda. La técnica de sublimación permite que los diseños y colores vibrantes sean parte del tejido, logrando estampados duraderos y de alta calidad, que no se desvanecen con el uso o el lavado. Este camisón es perfecto para quienes buscan una prenda casual, cómoda y con un toque moderno y chic. Ideal para descansar con estilo y confort.",26500,https://magicstore.com.ar/camison-ariel-la-sirenita/
82738,PRINCESAS,Pijama ML Princesas,Pijama ML Princesas,2-4-6-8-10-12,1-2-2-2-2-1,14990,slug,1.00,si,Pijama ML princesas,82778-rosa,https://magicstore.com.ar/wp-content/uploads/2026/02/82778-1.jpg,¿Quién dijo que los pijamas tienen que ser aburridos? Este conjunto de dos piezas reinventa la ropa de dormir con una estética universitaria que es tendencia absoluta. Es el «uniforme» oficial para que las niñas se unan al equipo de soñadoras más icónico de todos los tiempos antes de irse a la cama.,35999,https://magicstore.com.ar/pijama-ml-princesas/
82740,PRINCESAS,Pijama ML Princesas,Pijama ML Princesas,2-4-6-8-10-12,1-2-2-2-2-1,24990,slug,1.00,si,Pijama ML princesas,82778-rosa,https://magicstore.com.ar/wp-content/uploads/2026/02/82778-1.jpg,¿Quién dijo que los pijamas tienen que ser aburridos? Este conjunto de dos piezas reinventa la ropa de dormir con una estética universitaria que es tendencia absoluta. Es el «uniforme» oficial para que las niñas se unan al equipo de soñadoras más icónico de todos los tiempos antes de irse a la cama.,35999,https://magicstore.com.ar/pijama-ml-princesas/
82741,PRINCESAS,Remera ML Princesas,Remera ML Princesas,2-4-6-8-10,1-2-2-2-1,9990,sku,1.00,si,Remera Encantada de Ariel,82741%fucsia,https://magicstore.com.ar/wp-content/uploads/2025/02/PRINCESAS-ART.-82741.jpg,"¡Sumérgete en el mundo mágico de La Sirenita con esta hermosa remera de Ariel! Con un diseño vibrante que resalta la icónica imagen de la sirenita y sus amigos, esta prenda será el toque perfecto para que tu peque viva aventuras bajo el mar. Hecha con material suave y cómodo, ideal para todo el día, ya sea explorando el océano o jugando en tierra firme. ¡Haz que cada día sea tan encantador como una canción de «Bajo el Mar»! 🎶🧜‍♀️",23999,https://magicstore.com.ar/remera-encantada-de-ariel/
82742,PRINCESAS,Remera ML Princesas,Remera ML Princesas,2-4-6-8-10,1-2-2-2-1,7990,sku,1.00,si,Remera Moana,82742%verde,https://magicstore.com.ar/wp-content/uploads/2025/02/magic-245.jpg,"¡Embárcate en una aventura inolvidable con esta remera de Moana! Inspirada en la valiente exploradora del océano, esta prenda es ideal para las pequeñas que sueñan con descubrir nuevos mundos y enfrentar desafíos con valentía. 🌊🚤",19500,https://magicstore.com.ar/remera-moana/
82743,PRINCESAS,Remera ML Moana,Remera ML Moana,2-4-6-8-10,1 X TALLE,7990,sku,1.00,si,Remera Moana,82743%rosa,https://magicstore.com.ar/wp-content/uploads/2025/02/magic-remera-moana-2.webp,"Remera de algodón irregular, con abertura lateral, estampada. Esta remera de algodón presenta un corte irregular que le da un toque moderno y único, además de una abertura lateral que añade comodidad y estilo. Su estampado vibrante y original la convierte en una prenda perfecta para destacar en cualquier ocasión, manteniendo a los más pequeños cómodos y a la moda.",19500,https://magicstore.com.ar/remera-how-fall-ill-go/
82744,PRINCESAS,Camison ML Moana,Camison ML Moana,2-4-6-8-10-12,1-2-2-2-2-1,9990,sku,1.00,si,Camisón Aventura en el Océano,82744%rosa,https://magicstore.com.ar/wp-content/uploads/2025/02/PRINCESAS-ART.-82744.jpg,"¡Dulces sueños con el espíritu aventurero de Moana! Este hermoso camisón, con un diseño inspirado en la valiente exploradora del océano, es perfecto para que tu pequeña se duerma soñando con nuevas travesías. Confeccionado en una tela suave y fresca, brinda comodidad y libertad de movimiento para noches llenas de magia y descanso. ¡Porque cada princesa aventurera merece dormir con estilo! 🏝️✨",23999,https://magicstore.com.ar/camison-aventura-en-el-oceano/
82745,PRINCESAS,Calza Moana,Calza Moana,2-4-6-8-10,1-2-2-2-1,7500,sku,1.00,si,Calza de Microfibra Moana &#8211; Disney,82745-celeste,https://magicstore.com.ar/wp-content/uploads/2025/02/calza-moana-disney.webp,"Calza de Microfibra Moana – Disney Descubre la calza de microfibra Moana oficial de Disney, confeccionada en microfibra premium que ofrece suavidad, elasticidad y transpirabilidad excepcionales. Su diseño ergonómico y el estampado de alta definición con la valiente Moana brindan un toque de aventura y estilo para el día a día o actividades deportivas. Microfibra premium: suave, elástica y de secado rápido Estampado Moana auténtico con licencia Disney Corte ajustado que se adapta al cuerpo y permite libertad de movimiento Costuras planas para evitar rozaduras y maximizar confort Transpirable y de fácil cuidado: lavable a máquina Disponible en varias tallas para niñas fanáticas de Disney",17999,https://magicstore.com.ar/calza-microfibra-moana/
82746,PRINCESAS,Buzo CR Moana,Buzo CR Moana,4-6-8,1 X TALLE,14990,sku,1.00,si,Buzo de frisa con recortes y estampado Moana,82746%rosa,https://magicstore.com.ar/wp-content/uploads/2025/02/mgc-3305435.jpg,"Sumá un toque de diseño a tus días con nuestro buzo de frisa con recortes y estampado de Moana, una prenda pensada para quienes buscan comodidad sin dejar de lado el estilo. Confeccionado en frisa suave y abrigada, este buzo ofrece un calce cómodo ideal para el uso diario. Sus recortes en contraste le dan un aire moderno y urbano, mientras que el estampado frontal aporta personalidad y originalidad. Disponible en varias tallas y combinaciones de color, es perfecto para armar looks cancheros y versátiles.",32999,https://magicstore.com.ar/buzo-moana/
82747,PRINCESAS,Pijama ML Moana,Pijama ML Moana,4-6-8-10,1 X TALLE,12990,sku,1.00,si,Pijama de algodón Moana para niñas &#8211; Disney,82747-rosa,https://magicstore.com.ar/wp-content/uploads/2025/02/pijama-algodon-moana-para-ninas.webp,"Pijama Infantil Moana de Algodón – Disney Dale dulces sueños a tu pequeña con este encantador pijama infantil de Moana, confeccionado en 100% algodón suave y transpirable. Perfecto para las noches de descanso y aventuras soñadas, su diseño colorido con la valiente Moana encanta a las niñas mientras cuida su piel y brinda comodidad durante toda la noche. Diseño exclusivo de Moana 100% algodón suave y ligero Ideal para pieles sensibles Fácil de lavar y mantener Corte cómodo que permite libertad de movimiento Costuras reforzadas para mayor durabilidad tras cada lavado Disponible en varias tallas para niñas fan de Disney ¡Haz que la hora de dormir sea mágica con este pijama de Moana de Disney!",31500,https://magicstore.com.ar/pijama-algodon-moana/
82752,PRINCESAS,Calza PRINCESAS,Calza PRINCESAS,2-4-6-8-10,1-2-2-2-1,7500,slug,1.00,si,Calza Princesas,82775-celeste,https://magicstore.com.ar/wp-content/uploads/2026/02/82775-rosa-1.jpg,"Si buscás una prenda que capture toda la fantasía del mundo Disney en un solo diseño, esta calza es la elegida. Es como llevar un lienzo de cuentos de hadas puesto, perfecta para las niñas que no pueden elegir solo a una princesa favorita y deciden llevarlas a todas.",26500,https://magicstore.com.ar/calza-princesas/
82772,PRINCESAS,Buzo Capucha Princesas,Buzo Capucha Princesas,2-4-6-8-10,1-2-2-2-1,21990,slug,1.00,si,Buzo capucha Princesas,82772-beige,https://magicstore.com.ar/wp-content/uploads/2026/02/82772-1.jpg,"Este buzo con capucha es mucho más que un básico de invierno; es un recordatorio diario de que los sueños se hacen realidad. Reuniendo a tres de las princesas más queridas y valientes de Disney —Ariel, Moana y Bella—, creamos una prenda que inspira a las niñas a explorar el mundo con curiosidad y corazón. Pensado para la comodidad total, este hoodie cuenta con una capucha amplia con cordones al tono, ideal para protegerse del viento con estilo. Sus puños y cintura de rib elástico aseguran un calce perfecto que acompaña el movimiento, ya sea para leer un libro como Bella o para salir a la aventura como Moana. Es la prenda «comodín» perfecta: combina con todo y lleva la magia a todas partes.",48500,https://magicstore.com.ar/buzo-capucha-princesas/
82773,PRINCESAS,Buzo CR Princesas,Buzo CR Princesas,2-4-6-8-10,1-2-2-2-1,17990,sku,1.00,si,Buzo frisa Ariel,82773-rosa,https://magicstore.com.ar/wp-content/uploads/2026/02/82773-rosa-1.jpg,"Este buzo no es solo una prenda de abrigo, es una declaración de fantasía para las pequeñas que sueñan en grande. Confeccionado en un vibrante color rosa chicle que irradia alegría, este diseño pone a Ariel en el centro de la escena con una ilustración de gran tamaño que captura su mirada curiosa y aventurera.",39999,https://magicstore.com.ar/buzo-frisa-ariel-2/
82774,PRINCESAS,Buzo CR Princesas,Buzo CR Princesas,2-4-6-8-10,1-2-2-2-1,17990,sku,1.00,si,Buzo de frisa Princesas,82774-natural,https://magicstore.com.ar/wp-content/uploads/2026/02/82774-1.jpg,"La estética de la prenda se aleja de lo convencional para abrazar un estilo «sporty chic» con aires retro. Sobre una base de color crudo (natural) que aporta calidez y luminosidad, destacan dos franjas deportivas en color durazno (salmon) que recorren las mangas desde el hombro hasta el puño, un detalle de tendencia que eleva el diseño y lo hace súper moderno.",39999,https://magicstore.com.ar/buzo-de-frisa-princesas/
82775,PRINCESAS,Calza Princesas,Calza Princesas,2-4-6-8-10,1-2-2-2-1,10990,slug,1.00,si,Calza Princesas,82775-celeste,https://magicstore.com.ar/wp-content/uploads/2026/02/82775-rosa-1.jpg,"Si buscás una prenda que capture toda la fantasía del mundo Disney en un solo diseño, esta calza es la elegida. Es como llevar un lienzo de cuentos de hadas puesto, perfecta para las niñas que no pueden elegir solo a una princesa favorita y deciden llevarlas a todas.",26500,https://magicstore.com.ar/calza-princesas/
82776,PRINCESAS,Calza Princesas,Calza Princesas,2-4-6-8-10,1-2-2-2-1,10990,slug,1.00,si,Calza Princesas,82775-celeste,https://magicstore.com.ar/wp-content/uploads/2026/02/82775-rosa-1.jpg,"Si buscás una prenda que capture toda la fantasía del mundo Disney en un solo diseño, esta calza es la elegida. Es como llevar un lienzo de cuentos de hadas puesto, perfecta para las niñas que no pueden elegir solo a una princesa favorita y deciden llevarlas a todas.",26500,https://magicstore.com.ar/calza-princesas/
82778,PRINCESAS,Pijama ML Princesas,Pijama ML Princesas,2-4-6-8-10-12,1-2-2-2-2-1,14990,slug,1.00,si,Pijama ML princesas,82778-rosa,https://magicstore.com.ar/wp-content/uploads/2026/02/82778-1.jpg,¿Quién dijo que los pijamas tienen que ser aburridos? Este conjunto de dos piezas reinventa la ropa de dormir con una estética universitaria que es tendencia absoluta. Es el «uniforme» oficial para que las niñas se unan al equipo de soñadoras más icónico de todos los tiempos antes de irse a la cama.,35999,https://magicstore.com.ar/pijama-ml-princesas/
82779,PRINCESAS,Remera ML Princesas,Remera ML Princesas,2-4-6-8-10,1-2-2-2-1,10990,fuzzy,0.50,si,Remera DC,87008%azul,https://magicstore.com.ar/wp-content/uploads/2025/02/magik-2304796.jpg,"¡Los héroes más icónicos de DC en una sola remera! Con Superman, Batman y Flash, esta prenda es perfecta para los verdaderos fanáticos de la Liga de la Justicia. Su diseño dinámico y lleno de acción refleja la fuerza, velocidad y determinación de estos legendarios superhéroes. Confeccionada en materiales suaves y cómodos, es ideal para el día a día. ¡Lleva el poder de DC Comics a cada aventura!",24900,https://magicstore.com.ar/remera-dc-trinity/
82780,PRINCESAS,Remera ML Princesas,Remera ML Princesas,2-4-6-8-10,1-2-2-2-1,10990,fuzzy,0.50,si,Remera DC,87008%azul,https://magicstore.com.ar/wp-content/uploads/2025/02/magik-2304796.jpg,"¡Los héroes más icónicos de DC en una sola remera! Con Superman, Batman y Flash, esta prenda es perfecta para los verdaderos fanáticos de la Liga de la Justicia. Su diseño dinámico y lleno de acción refleja la fuerza, velocidad y determinación de estos legendarios superhéroes. Confeccionada en materiales suaves y cómodos, es ideal para el día a día. ¡Lleva el poder de DC Comics a cada aventura!",24900,https://magicstore.com.ar/remera-dc-trinity/
82801,FROZEN,Buzo capucha Frozen,Buzo capucha Frozen,2-4-6-8-10,1 X TALLE,19990,fuzzy,0.50,si,Buzo capucha Princesas,82772-beige,https://magicstore.com.ar/wp-content/uploads/2026/02/82772-1.jpg,"Este buzo con capucha es mucho más que un básico de invierno; es un recordatorio diario de que los sueños se hacen realidad. Reuniendo a tres de las princesas más queridas y valientes de Disney —Ariel, Moana y Bella—, creamos una prenda que inspira a las niñas a explorar el mundo con curiosidad y corazón. Pensado para la comodidad total, este hoodie cuenta con una capucha amplia con cordones al tono, ideal para protegerse del viento con estilo. Sus puños y cintura de rib elástico aseguran un calce perfecto que acompaña el movimiento, ya sea para leer un libro como Bella o para salir a la aventura como Moana. Es la prenda «comodín» perfecta: combina con todo y lleva la magia a todas partes.",48500,https://magicstore.com.ar/buzo-capucha-princesas/
82802,FROZEN,Buzo CR Frozen,Buzo CR Frozen,2-4-6-8-10,1-2-2-2-1,12500,sku,1.00,si,Buzo Castillo de Arendelle,82802%rosa,https://magicstore.com.ar/wp-content/uploads/2025/02/82802.jpg,"¡Haz que tu pequeña se sienta parte del reino de Arendelle con este hermoso buzo de Frozen! Con un diseño encantador que incluye el icónico castillo de Elsa, este buzo es perfecto para mantenerla abrigada y cómoda en sus aventuras invernales. Confeccionado en material suave y cálido, es ideal para días de juego o descanso. ❄️✨ ¡Un toque de magia en cada paso mientras imagina un mundo congelado lleno de sueños!",27500,https://magicstore.com.ar/buzo-castillo-de-arendelle/
82804,FROZEN,Calza Frozen,Calza Frozen,2-4-6-8-10,1-2-2-2-1,7500,slug,1.00,si,Calza frozen,82816-celeste,https://magicstore.com.ar/wp-content/uploads/2025/01/MAGIC_CALZAFROZEN-1.webp,"¡Que la magia de Frozen te acompañe en cada paso! Esta calza, con un diseño encantador de Elsa y Anna, es perfecta para las pequeñas que adoran la aventura y la magia del reino de Arendelle. Con un ajuste cómodo y el toque único de las dos hermanas, esta calza es ideal para todo tipo de actividades, ya sea jugar, bailar o descansar. Hecha de material suave y elástico, garantiza libertad de movimiento mientras mantienen la esencia mágica de Frozen en cada momento.",17999,https://magicstore.com.ar/calza-frozen/
82805,FROZEN,Camison ML FROZEN,Camison ML FROZEN,2-4-6-8-10-12,1-2-2-2-2-1,9990,sku,1.00,si,Camisón de Nieve Frozen,82805leste,https://magicstore.com.ar/wp-content/uploads/2025/02/82805-camison-frozen-mockup-1.webp,"¡Que la magia de Frozen llegue a la hora de dormir con este adorable camisón! Con un diseño encantador que presenta a Elsa y Anna, este camisón es perfecto para que tu pequeña se sienta como una princesa del reino de Arendelle. Hecho de tela suave y fresca, garantiza comodidad y dulces sueños en cada noche. ❄️✨ ¡Ideal para que se sienta lista para nuevas aventuras de invierno, incluso mientras duerme!",23999,https://magicstore.com.ar/camison-de-nieve-frozen/
82806,FROZEN,Camison ML FROZEN,Camison ML FROZEN,2-4-6-8-10-12,1-2-2-2-2-1,9990,sku,1.00,si,Camisón Princesa de Arendelle,82806,https://magicstore.com.ar/wp-content/uploads/2025/02/82806-camison-frozen-mockup.webp,"¡Haz que la hora de dormir sea aún más mágica con este hermoso camisón de Frozen! Con un diseño encantador de Elsa y Anna, este camisón es ideal para que tu pequeña se sienta como una verdadera princesa. Hecho de tela suave y cómoda, ofrece total confort para un descanso placentero mientras sueña con las aventuras en el reino de Arendelle. ❄️✨ ¡Perfecto para noches llenas de magia y fantasía!",23999,https://magicstore.com.ar/camison-princesa-de-arendelle/
82807,FROZEN,Camison ML FROZEN,Camison ML FROZEN,2-4-6-8-10-12,1-2-2-2-2-1,9990,sku,1.00,si,Camisón Disfraz de Princesa Frozen,82807,https://magicstore.com.ar/wp-content/uploads/2025/02/82807-frozen-mockup.webp,"El camisón de algodón y modal con volados sublimado es una prenda delicada y elegante, diseñada para ofrecer máxima comodidad y un toque de feminidad. Está confeccionado con una mezcla de algodón y modal, dos tejidos suaves y ligeros que garantizan un ajuste cómodo y transpirable, ideal para una noche de descanso reparador. Los volados en el diseño añaden un detalle romántico y coqueto, realzando la silueta de manera suave y estilizada. La técnica de sublimación se emplea para crear patrones y colores vibrantes que se integran directamente en el tejido, lo que asegura una impresión duradera y de alta calidad, sin que se desvanezcan con el tiempo. Perfecto para quienes buscan una prenda cómoda, moderna y con un toque único de estilo.",23999,https://magicstore.com.ar/camison-disfraz-de-princesa-frozen/
82809,FROZEN,Pijama ML Frozen,Pijama ML Frozen,2-4-6-8-10-12,1-2-2-2-2-1,19990,sku,1.00,si,Pijama Estrella de Arendelle,82809leste,https://magicstore.com.ar/wp-content/uploads/2025/02/82809-completo.jpg,"¡Que tu pequeña viva la magia de Frozen con este encantador pijama de Elsa! Con un diseño brillante que resalta la elegancia de Elsa y su reino, este pijama es ideal para noches llenas de sueños congelados. Confeccionado en tela suave y cómoda, asegura un descanso placentero mientras tu peque se siente como una verdadera princesa del hielo. ❄️👑 ¡Perfecto para soñar con aventuras en Arendelle!",47999,https://magicstore.com.ar/pijama-estrella-de-arendelle/
82810,FROZEN,Pijama ML Frozen,Pijama ML Frozen,2-4-6-8-10,1 X TALLE,19990,sku,1.00,si,Pijama Frozen Plush,82810leste,https://magicstore.com.ar/wp-content/uploads/2025/02/82810-completo.jpg,"¡Dulces sueños con las princesas más queridas de Arendelle! Este pijama de Elsa y Anna es perfecto para que tu pequeña se sienta parte del mágico mundo de Frozen. Con un diseño encantador que resalta a ambas hermanas y sus aventuras, este pijama está hecho de tela suave y cómoda, ideal para una noche llena de fantasía y descanso. ❄️✨ ¡Que las pequeñas princesas duerman rodeadas de magia y hermosos sueños!",47999,https://magicstore.com.ar/pijama-frozen-plush/
82811,FROZEN,Remera ML Frozen,Remera ML Frozen,2-4-6-8-10,1-2-2-2-1,9990,sku,1.00,si,Remera Mágica de Frozen,82811%lila,https://magicstore.com.ar/wp-content/uploads/2025/02/FROZEN-ART.-82811.jpg,"¡Lleva el encanto de Frozen a cada aventura con esta hermosa remera de Elsa y Anna! Con colores vibrantes y un diseño inspirado en el reino de Arendelle, esta prenda es perfecta para las pequeñas fans que aman la diversión y la fantasía. Hecha con tela suave y cómoda, ideal para usar todo el día mientras cantan ¡Libre Soy! y disfrutan de momentos inolvidables.",23999,https://magicstore.com.ar/remera-magica-de-frozen/
82812,FROZEN,Remera ML Frozen,Remera ML Frozen,2-4-6-8-10,1-2-2-2-1,9990,sku,1.00,si,Remera Estilo Arendelle,82812%rosa,https://magicstore.com.ar/wp-content/uploads/2025/02/FROZEN-ART.-82812-1.jpg,"¡El espíritu de Frozen en una remera llena de encanto! Con un diseño inspirado en Elsa y Anna, esta prenda es perfecta para las pequeñas que aman las aventuras congeladas. Confeccionada en tela suave y fresca, brinda comodidad para jugar, soñar y explorar el reino de Arendelle. ❄️✨ ¡Ideal para combinar con cualquier look y vivir la magia cada día! 👸",23999,https://magicstore.com.ar/remera-estilo-arendelle/
82813,FROZEN,Remera ML Frozen,Remera ML Frozen,2-4-6-8-10,1-2-2-2-1,9990,sku,1.00,si,Remera Aventuras en la Nieve,82813%blanco,https://magicstore.com.ar/wp-content/uploads/2025/02/asda.jpg,"¡Que el invierno de Frozen acompañe cada día con esta hermosa remera de Elsa y Anna! Con un diseño colorido y detalles inspirados en el reino de Arendelle, esta prenda es perfecta para las pequeñas fans de la historia. Su tela suave y cómoda la hace ideal para jugar, explorar y vivir nuevas aventuras llenas de magia y diversión. ¡Perfecta para combinar con cualquier outfit! 👑✨",23999,https://magicstore.com.ar/remera-aventuras-en-la-nieve/
82814,FROZEN,Vestido ML Frozen,Vestido ML Frozen,2-4-6-8-10,1-2-2-2-1,14990,sku,1.00,si,Vestido Princesa de Arendelle,82814%lila,https://magicstore.com.ar/wp-content/uploads/2025/02/82814.jpg,"¡Haz que tu pequeña se convierta en una verdadera princesa de Frozen con este encantador vestido! Con un diseño inspirado en Elsa y Anna, este vestido captura la magia del reino de Arendelle, con detalles brillantes y colores vibrantes que harán que se sienta como parte de la historia. Hecho con tela suave y cómoda, es perfecto para ocasiones especiales o para un día lleno de aventuras congeladas. ❄️👑 ¡Un vestido digno de cualquier princesa valiente!",35999,https://magicstore.com.ar/vestido-princesa-de-arendelle/
82816,FROZEN,Calza Frozen,Calza Frozen,2-4-6-8-10,1-2-2-2-1,7500,slug,1.00,si,Calza frozen,82816-celeste,https://magicstore.com.ar/wp-content/uploads/2025/01/MAGIC_CALZAFROZEN-1.webp,"¡Que la magia de Frozen te acompañe en cada paso! Esta calza, con un diseño encantador de Elsa y Anna, es perfecta para las pequeñas que adoran la aventura y la magia del reino de Arendelle. Con un ajuste cómodo y el toque único de las dos hermanas, esta calza es ideal para todo tipo de actividades, ya sea jugar, bailar o descansar. Hecha de material suave y elástico, garantiza libertad de movimiento mientras mantienen la esencia mágica de Frozen en cada momento.",17999,https://magicstore.com.ar/calza-frozen/
82817,FROZEN,Campera Abrigo Frozen,Campera Abrigo Frozen,4-6-8-10-12,1 X TALLE,44990,fuzzy,0.50,si,Campera de abrigo Siré,43425-negro,https://magicstore.com.ar/wp-content/uploads/2026/04/t1-3.webp,"Preparalos para los días más fríos con nuestra Campera Inflable Puffer Brillante. Es la combinación perfecta entre estilo moderno y máxima protección térmica. Gracias a su acabado tipo charol/siré, no solo es tendencia, sino que también es súper fácil de limpiar y resistente al viento. Características Principales: Interior de Corderito: Forrada íntegramente en suave corderito premium para mantener el calor corporal en todo momento. Acabado Brillante (Siré): Un look moderno que destaca y repele la humedad superficial. Capucha Protectora: Amplia y forrada, ideal para proteger orejas y cabeza del frío intenso. Diseño Puffer: Estilo inflable con costuras horizontales que aseguran que el relleno se mantenga en su lugar. Cierre Reforzado: Cremallera frontal completa para facilitar el cambiado de los niños.",59999,https://magicstore.com.ar/campera-de-abrigo-sire/
82818,FROZEN,Remera ML Frozen,Remera ML Frozen,2-4-6-8-10,1-2-2-2-1,9990,sku,1.00,si,Remera Reinado de Hielo,82818ige,https://magicstore.com.ar/wp-content/uploads/2025/02/82818.jpg,"¡Haz que cada día sea una aventura con esta hermosa remera de Frozen! Con un diseño inspirado en Elsa y Anna, esta prenda es perfecta para las pequeñas que aman la magia del hielo y la amistad. Su tela suave y cómoda permite moverse con libertad, ya sea para jugar, cantar o imaginar nuevas historias en el reino de Arendelle. ¡Ideal para combinar con cualquier look y brillar como una verdadera reina!",23999,https://magicstore.com.ar/remera-reinado-de-hielo/
82819,FROZEN,Jogging FROZEN,Jogging FROZEN,2-4-6-8-10,1-2-2-2-1,16990,sku,1.00,si,Jogging Reino de Arendelle,82819%rosa,https://magicstore.com.ar/wp-content/uploads/2025/02/FROZEN-ART.-82819.jpg,"¡Haz que tu pequeña viva las aventuras de Frozen con este jogging cómodo y lleno de estilo! Con un diseño único que presenta a Elsa y Anna, este conjunto es perfecto para mantenerla abrigada y a la moda durante todo el día. Hecho con tela suave y flexible, es ideal para jugar, correr o descansar mientras se siente como una verdadera princesa del reino de Arendelle. ❄️👑 ¡Que la magia de Frozen la acompañe en cada paso!",37500,https://magicstore.com.ar/jogging-reino-de-arendelle/
82832,FROZEN,Bombacha Frozen,Bombacha Frozen,2-4-6-8-10,1-2-2-2-1,2990,sku,1.00,si,Bombacha de Modal Frozen,82832-celeste,https://magicstore.com.ar/wp-content/uploads/2026/02/0363-2-scaled.jpg,"Esta bombacha está diseñada especialmente para las pequeñas princesas que buscan suavidad absoluta. Con un diseño soñado de Elsa, es la prenda interior favorita para sentirse cómoda y segura durante todo el día.",7500,https://magicstore.com.ar/bombacha-de-modal-frozen/
82836,FROZEN,Bombacha Frozen,Bombacha Frozen,2-4-6-8-10,1-2-2-2-1,2990,fuzzy,0.67,si,Bombacha de Modal Frozen,82832-celeste,https://magicstore.com.ar/wp-content/uploads/2026/02/0363-2-scaled.jpg,"Esta bombacha está diseñada especialmente para las pequeñas princesas que buscan suavidad absoluta. Con un diseño soñado de Elsa, es la prenda interior favorita para sentirse cómoda y segura durante todo el día.",7500,https://magicstore.com.ar/bombacha-de-modal-frozen/
82837,FROZEN,Buzo Capucha Frozen,Buzo Capucha Frozen,2-4-6-8-10,1-2-2-2-1,21990,sku,1.00,si,Buzo de frisa Frozen Elsa,82837-rosa,https://magicstore.com.ar/wp-content/uploads/2026/02/buzo-frozen-1.jpg,"Este buzo con capucha es la definición de encanto y coquetería. Con una combinación soñada de rosa pastel y celeste hielo, sumado a detalles de glitter, es la prenda que toda fanática de Disney querrá usar para sentirse una verdadera reina de las nieves.",48500,https://magicstore.com.ar/buzo-de-frisa-frozen-elsa/
82838,FROZEN,Buzo CR Frozen,Buzo CR Frozen,2-4-6-8-10,1-2-2-2-1,17990,sku,1.00,si,Buzo de Frisa Frozen,82838-turqueza,https://magicstore.com.ar/wp-content/uploads/2026/02/82838-1.jpg,"Este buzo de cuello redondo trae toda la magia de Arendelle al guardarropa de invierno. Con un color verde agua vibrante y detalles que destellan, es la prenda soñada para las fans de Frozen que quieren jugar abrigadas junto a sus personajes favoritos..",39999,https://magicstore.com.ar/buzo-de-frisa-frozen/
82840,FROZEN,Pijama ML Frozen,Pijama ML Frozen,2-4-6-8-10-12,1-2-2-2-2-1,14990,fuzzy,0.67,si,Pijama Frozen Plush,82810leste,https://magicstore.com.ar/wp-content/uploads/2025/02/82810-completo.jpg,"¡Dulces sueños con las princesas más queridas de Arendelle! Este pijama de Elsa y Anna es perfecto para que tu pequeña se sienta parte del mágico mundo de Frozen. Con un diseño encantador que resalta a ambas hermanas y sus aventuras, este pijama está hecho de tela suave y cómoda, ideal para una noche llena de fantasía y descanso. ❄️✨ ¡Que las pequeñas princesas duerman rodeadas de magia y hermosos sueños!",47999,https://magicstore.com.ar/pijama-frozen-plush/
82901,STITCH,Buzo capucha Stitch,Buzo capucha Stitch,2-4-6-8-10-12-14-16,1-1-2-2-2-2-2-2,22500,fuzzy,0.50,si,Buzo Hoodie Stitch,83202-azul,https://magicstore.com.ar/wp-content/uploads/2026/02/222-1.jpg,"Este hoodie captura la personalidad divertida y un tanto rebelde de Stitch en una prenda diseñada para el máximo confort. Es la pieza perfecta para quienes buscan un look «chill» sin perder el toque mágico de Disney, combinando colores sobrios con detalles que resaltan a la vista.",54999,https://magicstore.com.ar/buzo-hoodie-stitch/
82902,STITCH,Buzo CR Stitch,Buzo CR Stitch,2-4-6-8-10-12-14-16,1-1-2-2-2-2-2-2,17990,fuzzy,0.67,si,Buzo Hoodie Stitch,83202-azul,https://magicstore.com.ar/wp-content/uploads/2026/02/222-1.jpg,"Este hoodie captura la personalidad divertida y un tanto rebelde de Stitch en una prenda diseñada para el máximo confort. Es la pieza perfecta para quienes buscan un look «chill» sin perder el toque mágico de Disney, combinando colores sobrios con detalles que resaltan a la vista.",54999,https://magicstore.com.ar/buzo-hoodie-stitch/
82906,STITCH,Pijama ML Stitch,Pijama ML Stitch,2-4-6-8-10-12-14-16,1-1-2-2-2-2-2-2,19990,sku,1.00,si,Pijama de algodón Stitch,82906leste,https://magicstore.com.ar/wp-content/uploads/2025/02/Copia-de-Copia-de-219-scaled.webp,"Convertí la hora de dormir en un momento lleno de imaginación con nuestro pijama disfraz de algodón, diseñado para brindar comodidad y diversión. La parte superior cuenta con un estampado temático estilo disfraz, ideal para los más chicos (¡o no tan chicos!) que aman jugar incluso antes de ir a dormir. El pantalón liso complementa el conjunto con un calce cómodo y relajado. Hecho en algodón suave y respirable, es perfecto para usar en casa, en pijamadas o como disfraz cómodo para jugar. ¡Dormir nunca fue tan divertido!",47999,https://magicstore.com.ar/pijama-stitch/
82912,STITCH,Remera ML Stitch,Remera ML Stitch,2-4-6-8-10-12-14-16,1 X TALLE,7990,sku,1.00,si,Remera Stitch,82912-beige,https://magicstore.com.ar/wp-content/uploads/2025/02/magic-249.jpg,"¡Dale un toque único a tu estilo con esta remera blanca de Stitch! Con una estampa grande y llamativa del travieso extraterrestre, esta prenda es perfecta para quienes quieren destacar y llevar a Stitch a todas partes. Hecha con materiales suaves y ligeros, garantiza comodidad y frescura durante todo el día. ¡La magia y la diversión de Lilo & Stitch ahora en una prenda llena de personalidad!",19500,https://magicstore.com.ar/remera-stitch-3/
82925,STITCH,Remera ML Stitch,Remera ML Stitch,2-4-6-8-10-12-14-16,1 X TALLE,7990,sku,1.00,si,Remera Manga Larga de Algodon stitch,82925-violeta,https://magicstore.com.ar/wp-content/uploads/2025/05/1-3.webp,"Remera de Manga Larga Stitch – Disney La remera de manga larga de Stitch es perfecta para acompañar a los más chicos en sus aventuras diarias. Confeccionada en algodón 100%, ofrece una textura suave, liviana y transpirable que garantiza comodidad durante todo el día. Su diseño de manga larga la hace ideal para los días frescos, mientras que el estampado original de Stitch aporta color y diversión al look. Una prenda versátil para combinar con jeans, joggings o calzas, tanto para la escuela como para el juego. Algodón 100% suave y respirable Estampado frontal de Stitch con licencia oficial Mangas largas para mayor abrigo Corte cómodo que permite libertad de movimiento Disponible en varias tallas infantiles Combiná estilo, confort y la magia de Disney con esta remera de Stitch ideal para toda ocasión.",19500,https://magicstore.com.ar/remera-algodon-stitch/
82927,STITCH,Buzo Cap Stitch,Buzo Cap Stitch,2-4-6-8-10-12-14-16,1-1-2-2-2-2-2-2,22500,sku,1.00,si,Buzo stitch rosa para niñas – DISNEY,82927-rosa,https://magicstore.com.ar/wp-content/uploads/2025/07/83-scaled.jpg,"Buzo stitch rosa para niñas – DISNEY. Inspirada en Stitch, disfruta de una prenda que combina estilo y comodidad, confeccionada en Rustico Sublimado ZITTANA de alta calidad, disponible en talles 2-4-6-8-10-12-14-16. Perfecta para destacar en cada ocasión y acompañar tus aventuras diarias. ¡Hazla tuya y renueva tu look con diversión y versatilidad!",49500,https://magicstore.com.ar/buzo-stitch-rosa-para-ninas-disney/
83000,MINNIE,Calza Minnie,Calza Minnie,2-4-6-8-10,1-2-2-2-1,10990,slug,1.00,si,Calza Minnie,82065%rosa,https://magicstore.com.ar/wp-content/uploads/2025/02/MINNIE-ART.-82065-1.webp,"¡Haz que cada paso sea alegre con esta encantadora calza de Minnie Mouse! Con un diseño vibrante que destaca el icónico lazo de Minnie, esta calza es perfecta para las pequeñas que adoran la magia de Disney. Confeccionada en tela suave y elástica, ofrece total comodidad para todo el día de juego, risas y diversión. 🎀✨ ¡Un toque de Disney en cada movimiento!",17999,https://magicstore.com.ar/calza-minnie/
83001,MINNIE,Calza Minnie,Calza Minnie,2-4-6-8-10,1-2-2-2-1,10990,slug,1.00,si,Calza Minnie,82065%rosa,https://magicstore.com.ar/wp-content/uploads/2025/02/MINNIE-ART.-82065-1.webp,"¡Haz que cada paso sea alegre con esta encantadora calza de Minnie Mouse! Con un diseño vibrante que destaca el icónico lazo de Minnie, esta calza es perfecta para las pequeñas que adoran la magia de Disney. Confeccionada en tela suave y elástica, ofrece total comodidad para todo el día de juego, risas y diversión. 🎀✨ ¡Un toque de Disney en cada movimiento!",17999,https://magicstore.com.ar/calza-minnie/
83003,MINNIE,Campera Minnie,Campera Minnie,2-4-6-8-10,1-2-2-2-1,23990,sku,1.00,si,Campera de Frisa Minnie Mouse,83003-gris,https://magicstore.com.ar/wp-content/uploads/2026/02/83003-1.jpg,"Esta campera con cierre es la prenda perfecta para sumar estilo y abrigo al mismo tiempo. Con una estética inspirada en las clásicas chaquetas de béisbol americanas, combina la onda deportiva con la dulzura de Minnie, creando un outfit urbano irresistible.",52999,https://magicstore.com.ar/campera-de-frisa-minnie-mouse/
83005,MINNIE,Pijama ML Minnie,Pijama ML Minnie,2-4-6-8-10-12,1-2-2-2-2-1,16990,fuzzy,0.67,si,Pijama Minnie Dream,82664%rosa,https://magicstore.com.ar/wp-content/uploads/2025/02/mgc-3305447.jpg,"¡Hora de dormir con estilo y diversión con este adorable pijama de Minnie Mouse! Con un diseño cómodo y encantador, es perfecto para las pequeñas fans de Minnie, haciendo que cada noche sea mágica y llena de dulces sueños. 🎀🌙",37500,https://magicstore.com.ar/pijama-minnie-dream/
83006,MINNIE,Remera ML Minnie,Remera ML Minnie,2-4-6-8-10,1-2-2-2-1,10990,sku,1.00,si,Remera Manga Larga Minnie Mouse,83006-verde,https://magicstore.com.ar/wp-content/uploads/2026/02/83006.jpeg,"¡Un toque de brillo y delicadeza para el look de las más pequeñas! Esta remera combina la elegancia de Minnie con detalles modernos y coloridos. Diseño Delicado: El frente destaca con el nombre «Minnie» en una tipografía cursiva, rellena con un hermoso patrón floral multicolor y contorneada con detalles de glitter para un brillo especial. Variedad de Colores: Disponible en dos tonos pasteles ideales para cualquier ocasión: Verde Agua y Salmón/Durazno suave. Confort y Calidad: Remera de manga larga con cuello redondo, confeccionada en algodón suave de alta calidad que garantiza comodidad durante todo el día. Terminaciones Premium: Incluye una cinta de limpieza en el cuello a contratono para evitar roces y asegurar una mejor durabilidad de la prenda. 🌟 Producto 100% Original: Calidad y diseño garantizados bajo licencia oficial de Disney.",26500,https://magicstore.com.ar/remera-manga-larga-minnie-mouse-4/
83007,MINNIE,Remera ML Minnie,Remera ML Minnie,2-4-6-8-10,1-2-2-2-1,10990,sku,1.00,si,Remera Minnie Mouse,83007-negro,https://magicstore.com.ar/wp-content/uploads/2026/02/0361-2-scaled.jpg,"Esta remera negra de manga larga eleva cualquier outfit básico gracias a sus detalles de alta costura. Es la opción perfecta para las niñas que aman brillar, combinando la sofisticación del color negro con la diversión de las lentejuelas.",26500,https://magicstore.com.ar/remera-minnie-mouse-4/
83008,MINNIE,Remera ML Minnie,Remera ML Minnie,2-4-6-8-10,1-2-2-2-1,10990,sku,1.00,si,Remera Manga Larga Minnie Mouse,83008-tilo,https://magicstore.com.ar/wp-content/uploads/2026/02/remera-minnie.jpg,"Es la prenda ideal para las niñas que buscan un look relajado, «cool» y lleno de actitud Confeccionada en jersey de algodón, es una remera liviana y cómoda, perfecta para la media estación o para usar bajo un buzo en invierno.",26500,https://magicstore.com.ar/remera-manga-larga-minnie-mouse-3/
83009,MINNIE,Remera ML Minnie,Remera ML Minnie,2-4-6-8-10,1-2-2-2-1,10990,sku,1.00,si,Remera Manga Larga Minnie Mouse,83009-beige,https://magicstore.com.ar/wp-content/uploads/2026/02/830091.jpeg,¡Un diseño dulce y sofisticado para las pequeñas fans de Minnie! Esta remera combina la elegancia del color crema con detalles en relieve que la hacen única. Diseño Encantador: Presenta a dos Minnie Mouse unidas como cerezas bajo la leyenda «Minnie Mouse Cherry Club 1928» en color rosa. Detalles Premium: Aplique Real: Incluye un delicado moño de cinta rosa real aplicado en la estampa. Brillo Especial: Los moños de Minnie en la estampa cuentan con un acabado de glitter rosa. Confección Delicada: Posee un suave fruncido en los hombros que le da un toque femenino y un calce más armado. Terminación de base redondeada para un look moderno y relajado. Confort y Terminación: Confeccionada en algodón suave de alta calidad con cinta de limpieza a contratono en el cuello para mayor comodidad. 🌟 Producto 100% Original: Calidad y magia garantizadas bajo licencia oficial de Disney.,26500,https://magicstore.com.ar/remera-manga-larga-minnie-mouse-6/
83010,MINNIE,Vestido ML Minnie,Vestido ML Minnie,2-4-6-8-10,1-2-2-2-1,19990,sku,1.00,si,Vestido Minnie Mouse,83010-negro,https://magicstore.com.ar/wp-content/uploads/2026/02/83010-1.jpg,"Si buscás una prenda que robe todas las miradas en el próximo cumpleaños o evento especial, este vestido es la elección definitiva. Combinando la comodidad de una prenda casual con el brillo de la alta costura infantil, diseñamos un modelo que hace sentir a cada niña como una verdadera referente de moda.",47999,https://magicstore.com.ar/vestido-minnie-mouse/
83011,MINNIE,Jogging Minnie,Jogging Minnie,2-4-6-8-10,1-2-2-2-1,19990,sku,1.00,si,Jogging Minnie Mouse,83011-gris,https://magicstore.com.ar/wp-content/uploads/2026/02/83011-1.jpg,"Este pantalón jogging es el básico que no puede faltar. Con un color gris melange súper combinable y un diseño de Minnie con mucha actitud, es la prenda perfecta para ir al colegio, jugar en la plaza o relajarse en casa.",43999,https://magicstore.com.ar/jogging-minnie-mouse/
83201,STITCH,Bombacha Stitch,Bombacha Stitch,4-6-8-10-12-14-16,2-2-2-2-2-1-1,2990,fuzzy,0.50,si,Bombacha Stitch &#038; Angel,83221-VIOLETA,https://magicstore.com.ar/wp-content/uploads/2026/02/83221-1-1.jpg,"Incluso en los detalles más pequeños, la magia de Disney marca la diferencia. Esta bombacha no solo es una prenda básica, es una explosión de color y simpatía protagonizada por la pareja más querida del espacio: Stitch y Angel. Con un diseño vibrante y alegre, es la opción perfecta para que las niñas se sientan cómodas y acompañadas por sus personajes favoritos durante todo el día.",7500,https://magicstore.com.ar/bombacha-stitch-angel/
83202,STITCH,Buzo capucha Stitch,Buzo capucha Stitch,2-4-6-8-10-12-14-16,1-1-2-2-2-2-2-2,24990,sku,1.00,si,Buzo Hoodie Stitch,83202-azul,https://magicstore.com.ar/wp-content/uploads/2026/02/222-1.jpg,"Este hoodie captura la personalidad divertida y un tanto rebelde de Stitch en una prenda diseñada para el máximo confort. Es la pieza perfecta para quienes buscan un look «chill» sin perder el toque mágico de Disney, combinando colores sobrios con detalles que resaltan a la vista.",54999,https://magicstore.com.ar/buzo-hoodie-stitch/
83203,STITCH,Buzo capucha Stitch,Buzo capucha Stitch,2-4-6-8-10-12-14-16,1-1-2-2-2-2-2-2,24990,fuzzy,0.50,si,Buzo Hoodie Stitch,83202-azul,https://magicstore.com.ar/wp-content/uploads/2026/02/222-1.jpg,"Este hoodie captura la personalidad divertida y un tanto rebelde de Stitch en una prenda diseñada para el máximo confort. Es la pieza perfecta para quienes buscan un look «chill» sin perder el toque mágico de Disney, combinando colores sobrios con detalles que resaltan a la vista.",54999,https://magicstore.com.ar/buzo-hoodie-stitch/
83204,STITCH,Buzo Stitch,Buzo Stitch,2-4-6-8-10-12-14-16,1-1-2-2-2-2-2-2,19990,fuzzy,0.67,si,Buzo Hoodie Stitch,83202-azul,https://magicstore.com.ar/wp-content/uploads/2026/02/222-1.jpg,"Este hoodie captura la personalidad divertida y un tanto rebelde de Stitch en una prenda diseñada para el máximo confort. Es la pieza perfecta para quienes buscan un look «chill» sin perder el toque mágico de Disney, combinando colores sobrios con detalles que resaltan a la vista.",54999,https://magicstore.com.ar/buzo-hoodie-stitch/
83205,STITCH,Calza Stitch,Calza Stitch,2-4-6-8-10-12-14-16,1-1-2-2-2-2-2-2,10990,fuzzy,0.67,si,Calza microfibra stitch,83206-rosa,https://magicstore.com.ar/wp-content/uploads/2026/02/832063.webp,"¡Un toque de color y magia para sus outfits! Estas calzas destacan por su diseño moderno y vibrante. Efecto Degrade: Un estilo súper tendencia con un degradado de colores suave. Disponible en Celeste/Azul y Lila/Rosa. Diseño Varsity: Combina letras grandes de «STITCH» en una pierna con el personaje sonriente y su número «626» en la otra, logrando un look deportivo y divertido. Detalles Hawaianos: Salpicada con flores de hibisco blancas que resaltan sobre el fondo colorido. Comodidad: Cintura elástica y tejido suave que acompaña todos sus movimientos. 🌟 Producto 100% Original: Calidad garantizada con Licencia Oficial Disney.",26500,https://magicstore.com.ar/calza-microfibra-stitch/
83206,STITCH,Calza Stitch,Calza Stitch,2-4-6-8-10-12-14-16,1-1-2-2-2-2-2-2,10990,sku,1.00,si,Calza microfibra stitch,83206-rosa,https://magicstore.com.ar/wp-content/uploads/2026/02/832063.webp,"¡Un toque de color y magia para sus outfits! Estas calzas destacan por su diseño moderno y vibrante. Efecto Degrade: Un estilo súper tendencia con un degradado de colores suave. Disponible en Celeste/Azul y Lila/Rosa. Diseño Varsity: Combina letras grandes de «STITCH» en una pierna con el personaje sonriente y su número «626» en la otra, logrando un look deportivo y divertido. Detalles Hawaianos: Salpicada con flores de hibisco blancas que resaltan sobre el fondo colorido. Comodidad: Cintura elástica y tejido suave que acompaña todos sus movimientos. 🌟 Producto 100% Original: Calidad garantizada con Licencia Oficial Disney.",26500,https://magicstore.com.ar/calza-microfibra-stitch/
83207,STITCH,Camison MC Stitch,Camison MC Stitch,2-4-6-8-10-12-14-16,1-1-2-2-2-2-2-2,10990,sku,1.00,si,Camisón ML Stitch,83207-celeste,https://magicstore.com.ar/wp-content/uploads/2026/02/83207-1.jpg,"La hora de dormir se transforma en un momento de pura calma y diversión con este camisón inspirado en el lado más tierno de Stitch. Diseñado para ofrecer una comodidad absoluta, es la prenda perfecta para desconectarse después de un día lleno de travesuras y disfrutar de un descanso profundo",28999,https://magicstore.com.ar/camison-ml-stitch/
83209,STITCH,Campera Stitch,Campera Stitch,2-4-6-8-10-12-14-16,1-1-2-2-2-2-2-2,24990,sku,1.00,si,Campera de frisa Stitch,83209-gris,https://magicstore.com.ar/wp-content/uploads/2026/02/83209-1.jpg,"¡Llevá el estilo de Ohana a todos lados! Este buzo de Stitch no es solo una prenda abrigada, es una pieza de colección para los fanáticos de Lilo & Stitch. Diseñado con una combinación de colores moderna y detalles que resaltan, es ideal para un look relajado, urbano y lleno de personalidad.",54999,https://magicstore.com.ar/campera-de-frisa-stitch/
83210,STITCH,Chaleco abrigo Stitch,Chaleco abrigo Stitch,2-4-6-8-10-12-14-16,1-2-2-2-2-2-2-1,34990,fuzzy,1.00,si,Chaleco de abrigo stitch,82918-celeste,https://magicstore.com.ar/wp-content/uploads/2025/02/magic-197.jpg,"Llevá tus looks de temporada al siguiente nivel con nuestro chaleco de siré sublimado, una prenda que combina textura, color y calidez. Con un acabado brillante y moderno, este chaleco está forrado con piel sintética suave al tacto que brinda máximo abrigo y confort. Ideal para superponer sobre buzos o sweaters, suma un toque fashion y original a cualquier outfit. El efecto sublimado le aporta un diseño único, haciendo de esta pieza un destacado en tu guardarropa. Disponible en varios tonos y talles, es perfecto para looks urbanos con personalidad.",74900,https://magicstore.com.ar/chaleco-stitch-2/
83211,STITCH,Pijama ML Stitch,Pijama ML Stitch,4-6-8-10-12-14-16,1-2-2-2-2-2-1,19990,sku,1.00,si,Pijama Stitch,83211-blanco,https://magicstore.com.ar/wp-content/uploads/2026/02/83211-1.jpg,"¡Dulces sueños al estilo Ohana! Hacé que la hora de dormir sea el momento favorito del día con este pijama oficial de Stitch. Diseñado para ofrecer el máximo confort durante toda la noche, este conjunto combina la ternura de Disney con texturas suaves que cuidan la piel.",47999,https://magicstore.com.ar/pijama-stitch-5/
83212,STITCH,Pijama ML Stitch,Pijama ML Stitch,2-4-6-8-10-12-14-16,1-1-2-2-2-2-2-2,34990,sku,1.00,si,Pijama plush Stitch,83212-acqua,https://magicstore.com.ar/wp-content/uploads/2026/02/83212-1.jpg,"¡Sentí un abrazo calentito toda la noche! Este pijama de Stitch es la definición de confort para el invierno. Confeccionado en tejido Plush (efecto peluche) ultra suave, es la opción ideal para las noches más frías o para relajarse en casa el fin de semana. Su textura aterciopelada es tan agradable al tacto que no vas a querer sacártelo.",83999,https://magicstore.com.ar/pijama-plush-stitch/
83214,STITCH,Remera ML Stitch,Remera ML Stitch,4-6-8-10-12-14-16,1-2-2-2-2-2-1,11990,sku,1.00,si,remera raglán manga larga stitch,83214-blanco/negro,https://magicstore.com.ar/wp-content/uploads/2026/02/832142.jpeg,"¡Un estilo deportivo y divertido con el extraterrestre más querido! Esta remera raglán es ideal para un look relajado y lleno de actitud. Diseño Dinámico: Presenta a Stitch sentado en el centro, acompañado por su número de experimento «626» en grandes caracteres de estilo universitario y su nombre en tipografía deportiva. Estilo Raglán: Las mangas de color contrastante nacen desde el cuello, brindando un calce cómodo y un look atlético clásico. Variedad de Colores: * Blanco y Negro: Una combinación clásica y urbana. Durazno y Azul: Tonos suaves y alegres para un estilo más vibrante. Detalle Floral: De fondo se aprecian flores de hibiscus que remiten al origen hawaiano de la historia de Lilo & Stitch. Confort: Manga larga y cuello redondo con cinta de limpieza a contratono para evitar roces y asegurar durabilidad. 🌟 Producto 100% Original: Calidad garantizada bajo licencia oficial de Disney.",28999,https://magicstore.com.ar/remera-raglan-manga-larga-stitch-2/
83215,STITCH,Remera ML Stitch,Remera ML Stitch,4-6-8-10-12-14-16,1-2-2-2-2-2-1,11990,sku,1.00,si,Remera Manga Larga Stitch,83215-acqua,https://magicstore.com.ar/wp-content/uploads/2026/02/888-1.jpg,"¡Un básico lleno de color y ternura! Esta remera de manga larga de Stitch es la compañera ideal para los días frescos. Con un vibrante color verde agua que ilumina cualquier outfit, presenta un diseño súper simpático de Stitch preparado para el frío con una bufanda rosa. Es perfecta para usar sola en media estación o bajo un buzo en invierno.",28999,https://magicstore.com.ar/remera-manga-larga-stitch-7/
83216,STITCH,Remera ML Stitch,Remera ML Stitch,2-4-6-8-10-12-14-16,1-1-2-2-2-2-2-2,11990,sku,1.00,si,Remera Manga Larga Stitch,83216-lila,https://magicstore.com.ar/wp-content/uploads/2026/02/joggigng-1.jpg,"¡Un diseño lleno de ternura y estilo para que Stitch las acompañe en todas sus aventuras! Una prenda delicada y moderna para las pequeñas fans del experimento 626. Diseño Central: Presenta una ilustración encantadora de Stitch sentado, coronada por su nombre en un estilo gráfico retro-galáctico con estrellas de fondo. Variedad de Colores: Blanco: Una opción clásica y fresca con detalles en contraste celeste y rosa. Lila Pastel: Un tono suave y tendencia que resalta la dulzura del personaje. Detalles de Confección: Corte Moderno: Presenta pequeñas aberturas laterales en la base y un largo asimétrico (un poco más larga en la parte posterior) para un calce más relajado y actual. Cinta de Limpieza: Incluye un tapacosturas en el cuello a contratono para mayor suavidad y terminación de calidad. Comodidad Superior: Realizada en algodón de alta calidad, garantizando suavidad al tacto y durabilidad. 🌟 Producto 100% Original: Calidad garantizada bajo licencia oficial de Disney.",28999,https://magicstore.com.ar/remera-manga-larga-stitch-6/
83217,STITCH,Remera ML Stitch,Remera ML Stitch,2-4-6-8-10-12-14-16,1-1-2-2-2-2-2-2,11990,sku,1.00,si,Remera Manga Larga Stitch,83217-durazno,https://magicstore.com.ar/wp-content/uploads/2026/02/83217-4.webp,"¡Travesuras y estilo en una sola prenda! Esta remera negra de Stitch es la opción perfecta para quienes buscan un look con mucha actitud. Sobre un fondo negro clásico que nunca pasa de moda, se destaca un diseño vibrante de Stitch sosteniendo un corazón, con un fondo de animal print (leopardo) en tonos rojizos que marca tendencia.",28999,https://magicstore.com.ar/remera-manga-larga-stitch-copia/
83218,STITCH,Remera ML Stitch,Remera ML Stitch,2-4-6-8-10-12-14-16,1-1-2-2-2-2-2-2,11990,sku,1.00,si,Remera manga larga stitch,83218-celeste,https://magicstore.com.ar/wp-content/uploads/2026/02/832183.jpeg,"¡La dosis perfecta de travesura y ternura para el día a día! Una prenda que captura todas las facetas del experimento 626. Diseño Encantador: El frente destaca con cuatro ilustraciones diferentes de Stitch en diversas poses divertidas, acompañadas por su nombre en letras celestes con un acabado de brillo sutil. Variedad de Colores: Disponible en dos tonos suaves y fáciles de combinar: Blanco clásico y un delicado Celeste Pastel. Detalles de Calce: Confeccionada con mangas largas y un cuello redondo cómodo. Presenta un leve fruncido en la base de los hombros que le aporta un toque femenino y delicado. El bajo tiene una terminación redondeada que brinda un calce más relajado. Calidad Premium: Elaborada en algodón suave al tacto, ideal para proteger la piel y asegurar comodidad durante todo el día. 🌟 Producto 100% Original: Calidad garantizada bajo licencia oficial de Disney.",28999,https://magicstore.com.ar/remera-manga-larga-stitch-4/
83219,STITCH,Jogging Stitch,Jogging Stitch,2-4-6-8-10-12-14-16,1-1-2-2-2-2-2-2,19990,sku,1.00,si,Jogging Cargo Stitch,83219-rosa,https://magicstore.com.ar/wp-content/uploads/2026/02/83219-lila-1-3.jpg,¡Comodidad y tendencia en una sola prenda! Este jogging de Stitch no es el típico pantalón de gimnasia; combina el estilo urbano de los pantalones cargo con la suavidad inigualable de la frisa premium. Es la prenda ideal para que las chicas jueguen sin parar mientras lucen un look súper canchero y tierno.,43999,https://magicstore.com.ar/jogging-cargo-stitch-2/
83220,STITCH,Jogging Stitch,Jogging Stitch,2-4-6-8-10-12-14-16,1-1-2-2-2-2-2-2,19990,sku,1.00,si,Pantalón Jogging Stitch,83220-azul,https://magicstore.com.ar/wp-content/uploads/2026/02/83220.jpg,"¡El toque de dulzura y diversión que su outfit necesita! Este jogging de Stitch en un delicado color salmón (durazno) es perfecto para las fanáticas del «Experimento 626» que buscan comodidad sin perder el estilo. Su diseño presenta una estética tipo «sketch» (boceto) con frases icónicas de la película, ideal para un look relajado y súper tierno.",43999,https://magicstore.com.ar/pantalon-jogging-stitch-2/
83221,STITCH,Bombacha Stitch,Bombacha Stitch,4-6-8-10-12-14-16,2-2-2-2-2-1-1,2990,sku,1.00,si,Bombacha Stitch &#038; Angel,83221-VIOLETA,https://magicstore.com.ar/wp-content/uploads/2026/02/83221-1-1.jpg,"Incluso en los detalles más pequeños, la magia de Disney marca la diferencia. Esta bombacha no solo es una prenda básica, es una explosión de color y simpatía protagonizada por la pareja más querida del espacio: Stitch y Angel. Con un diseño vibrante y alegre, es la opción perfecta para que las niñas se sientan cómodas y acompañadas por sus personajes favoritos durante todo el día.",7500,https://magicstore.com.ar/bombacha-stitch-angel/
83225,STITCH,Remera ML Stitch,Remera ML Stitch,6-8,1 X TALLE,9990,fuzzy,1.00,si,Remera Stitch,82912-beige,https://magicstore.com.ar/wp-content/uploads/2025/02/magic-249.jpg,"¡Dale un toque único a tu estilo con esta remera blanca de Stitch! Con una estampa grande y llamativa del travieso extraterrestre, esta prenda es perfecta para quienes quieren destacar y llevar a Stitch a todas partes. Hecha con materiales suaves y ligeros, garantiza comodidad y frescura durante todo el día. ¡La magia y la diversión de Lilo & Stitch ahora en una prenda llena de personalidad!",19500,https://magicstore.com.ar/remera-stitch-3/
84002,HELLO KITTY,BUZO HELLO KITTY,BUZO HELLO KITTY,4-6-8-10-12-14-16,2-2-2-2-2-1-1,14990,sku,1.00,si,Buzo de frisa estampado Hello Kitty,84002%gris,https://magicstore.com.ar/wp-content/uploads/2025/02/KITTY-ART.84002-scaled.jpg,"Sumá estilo a tus días con nuestro buzo de frisa estampado Hello Kitty, una prenda infaltable para el entretiempo. Confeccionado en frisa suave y abrigada, ofrece comodidad y calidez para el uso diario. Su estampa frontal le da un toque moderno y canchero, ideal para armar looks casuales y relajados. Disponible en varios colores y talles, es un buzo versátil que se adapta a tu estilo.",32999,https://magicstore.com.ar/buzo-kitty-power/
84008,HELLO KITTY,CAMPERA HELLO KITTY,CAMPERA HELLO KITTY,4-6-8-10-12-14-16,2-2-2-2-2-1-1,22500,sku,1.00,si,campera Kitty,84008%rosa,https://magicstore.com.ar/wp-content/uploads/2025/02/KITTY-ART.84008.jpg,"¡La campera perfecta para destacar! Con un diseño fresco y moderno, esta campera rosa es ideal para quienes quieren añadir un toque de color y estilo a su look. Hecha con materiales suaves y abrigados, es perfecta para mantener el confort sin perder el estilo. Con actitud y un toque de frescura, es la prenda que no puede faltar en tu guardarropa. 💖✨",49500,https://magicstore.com.ar/campera-kitty/
84009,HELLO KITTY,PIJAMA ML HELLO KITTY,PIJAMA ML HELLO KITTY,4-6-8-10-12-14-16,2-2-2-2-2-1-1,19990,fuzzy,0.60,si,Pijama hello kitty &#8211; sanrio,84010-rosa,https://magicstore.com.ar/wp-content/uploads/2025/02/84010-completo.jpg,"Haz que los sueños sean aún más dulces con Hello Kitty! Este pijama de Hello Kitty está diseñado para las pequeñas que adoran la magia y ternura de la famosa gatita. Con un diseño colorido y encantador, es perfecto para un descanso cómodo y lleno de dulzura. Hecho con materiales suaves y frescos, garantiza una noche de sueños llenos de cariño y alegría. ¡Acompaña tus sueños con Hello Kitty! Agrégalo al carrito ahora.",42500,https://magicstore.com.ar/pijama-hello-kitty/
84010,HELLO KITTY,PIJAMA ML HELLO KITTY,PIJAMA ML HELLO KITTY,4-6-8-10-12-14-16,2-2-2-2-2-1-1,16990,sku,1.00,si,Pijama hello kitty &#8211; sanrio,84010-rosa,https://magicstore.com.ar/wp-content/uploads/2025/02/84010-completo.jpg,"Haz que los sueños sean aún más dulces con Hello Kitty! Este pijama de Hello Kitty está diseñado para las pequeñas que adoran la magia y ternura de la famosa gatita. Con un diseño colorido y encantador, es perfecto para un descanso cómodo y lleno de dulzura. Hecho con materiales suaves y frescos, garantiza una noche de sueños llenos de cariño y alegría. ¡Acompaña tus sueños con Hello Kitty! Agrégalo al carrito ahora.",42500,https://magicstore.com.ar/pijama-hello-kitty/
84011,HELLO KITTY,PIJAMA ONESIE ML HELLO KITTY,PIJAMA ONESIE ML HELLO KITTY,4-6-8-10-12,2-2-2-1-1,24990,sku,1.00,si,Pijama Kitty Plush,84011%rosa,https://magicstore.com.ar/wp-content/uploads/2025/02/KITTY-ART.-84011.jpg,"¡Duerme con la ternura de Hello Kitty! Este pijama de Hello Kitty es perfecto para las pequeñas que adoran a la famosa gatita. Con un diseño adorable y lleno de color, presenta a Hello Kitty en su estilo más encantador. Hecho con tela suave y cómoda, garantiza una noche de descanso con mucho estilo y dulzura. Ideal para las noches de sueños mágicos y divertidos. ¡Haz que cada noche sea especial con Hello Kitty! Agrégalo al carrito ahora.",59999,https://magicstore.com.ar/pijama-kitty/
84012,HELLO KITTY,REMERAS ML HELLO KITTY,REMERAS ML HELLO KITTY,4-6-8-10-12-14-16,2-2-2-2-2-1-1,9990,sku,1.00,si,Remera Monochrome Kitty,84012%blanco,https://magicstore.com.ar/wp-content/uploads/2025/02/KITTY-ART.84012-1.jpg,"¡Estilo minimalista con la ternura de Hello Kitty! Esta remera blanca y negra de Hello Kitty es perfecta para quienes buscan un look sencillo, pero con mucha personalidad. Con un diseño elegante y atemporal, presenta a Hello Kitty en una paleta de colores clásica. Hecha de material suave, es ideal para un look fresco, cómodo y lleno de actitud. 🌟 ⚪⚫ ¡Luce tu estilo monocromático con Hello Kitty! Agrégala al carrito ahora.",23999,https://magicstore.com.ar/remera-monochrome-kitty/
84013,HELLO KITTY,REMERAS ML HELLO KITTY,REMERAS ML HELLO KITTY,4-6-8-10-12-14-16,2-2-2-2-2-1-1,9990,sku,1.00,si,Remera Purrfect Style,84013%rosa,https://magicstore.com.ar/wp-content/uploads/2025/02/KITTY-ART.84013-scaled.jpg,"¡Luce increíble con la ternura de Hello Kitty! Esta remera de Hello Kitty es el toque perfecto para un look cómodo y lleno de personalidad. Con un diseño único y encantador, presenta a Hello Kitty en su estilo más adorable. Hecha de materiales suaves, es ideal para los días de relax, juegos o aventuras con mucho estilo. 🌟✨ 💖 ¡Haz que cada día sea Purrfect con Hello Kitty! Agrégala al carrito ahora.",23999,https://magicstore.com.ar/remera-purrfect-style/
84014,HELLO KITTY,REMERAS ML HELLO KITTY,REMERAS ML HELLO KITTY,4-6-8-10-12-14-16,2-2-2-2-2-1-1,9990,fuzzy,0.50,si,Bombacha hello kitty,84048-lila,https://magicstore.com.ar/wp-content/uploads/2026/02/840481.jpeg,"¡Ternura y comodidad en cada detalle! Una prenda íntima diseñada para brindar suavidad y un estilo encantador para las más pequeñas. Diseño Delicado: Presenta un estampado all-over (en toda la prenda) con caritas de Hello Kitty y corazones en tonos violetas sobre un fondo lila suave. Detalles en Contraste: Cuenta con terminaciones elásticas en color verde agua que resaltan el diseño y aseguran un ajuste cómodo. Máximo Confort: Confeccionada en algodón suave y respirable, ideal para el uso diario y el cuidado de la piel. Calce Perfecto: Su corte clásico permite total libertad de movimiento en todas las actividades. 🌟 Producto 100% Original: Calidad garantizada bajo licencia oficial de Sanrio.",7500,https://magicstore.com.ar/bombacha-hello-kitty/
84015,HELLO KITTY,REMERAS ML HELLO KITTY,REMERAS ML HELLO KITTY,4-6-8-10-12-14-16,2-2-2-2-2-1-1,9990,sku,1.00,si,Remera  Kitty Love,84015%blanco,https://magicstore.com.ar/wp-content/uploads/2025/02/KITTY-ART.84015.jpg,"¡Deja que el amor y la ternura de Hello Kitty te acompañen todo el día! Con un diseño encantador y lleno de colores, esta remera de Hello Kitty es perfecta para quienes buscan un look cómodo y lleno de personalidad. Hecha con materiales suaves y frescos, ideal para disfrutar de cada momento con estilo. ¡Haz que tu día sea más dulce con Kitty Love! Agrégala al carrito ahora.",23999,https://magicstore.com.ar/remera-kitty-love/
84016,HELLO KITTY,REMERAS ML HELLO KITTY,REMERAS ML HELLO KITTY,4-6-8-10-12-14-16,1 X TALLE,9990,sku,1.00,si,Remera hello kitty &#8211; sanrio,84016-beige/rosa,https://magicstore.com.ar/wp-content/uploads/2025/02/KITTY-ART.-84016-MANGAS-OK-scaled.jpg,"¡Luce tu lado más dulce y cool con Hello Kitty! Esta remera de Hello Kitty es ideal para quienes aman la ternura con un toque de estilo. Con un diseño fresco y moderno, presenta a la famosa gatita en un look único. Hecha con materiales suaves y cómodos, es perfecta para cualquier ocasión. 🌸✨ 💖 ¡Haz que tu día brille con Kitty Vibes! Agrégala al carrito ahora.",23999,https://magicstore.com.ar/remera-hello-kitty/
84021,HELLO KITTY,Buzo Capucha Kitty,Buzo Capucha Kitty,4-6-8-10-12-14-16,2-2-2-2-2-1-1,24990,fuzzy,0.50,si,Buzo cuello redondo hello kitty,84050-negro,https://magicstore.com.ar/wp-content/uploads/2026/02/5552.jpg,"¡Un diseño lleno de amor y brillo para las pequeñas fans de Hello Kitty! Este buzo clásico combina la versatilidad del negro con el encanto del personaje más dulce. Estampa Destacada: El frente luce el rostro de Hello Kitty sosteniendo un gran corazón rojo con textura de glitter (brillo) y el logo de la marca en contraste blanco. Diseño Versátil: Confeccionado en color negro pleno, una opción ideal para combinar con cualquier prenda y mantener un look siempre impecable. Comodidad y Abrigo: Modelo de cuello redondo con terminaciones de rib elástico en el cuello, puños y cintura para un ajuste cómodo y abrigado. Detalles de Calidad: Cuenta con una suave cinta de limpieza en el cuello (tapacostura) en color rojo a tono con la estampa. 🌟 Producto 100% Original: Calidad y dulzura garantizadas bajo licencia oficial de Sanrio.",43999,https://magicstore.com.ar/buzo-cuello-redondo-hello-kitty/
84041,HELLO KITTY,Buzo c/Cap. Over Adulto Kitty,Buzo c/Cap. Over Adulto Kitty,S-M-L-XL,2-2-1-1,29990,sku,1.00,si,Buzo capucha oversize hello kitty rosa jaspeado para dama – SANRIO,84041-rosa,https://magicstore.com.ar/wp-content/uploads/2025/07/85-scaled.jpg,"Buzo capucha oversize hello kitty rosa jaspeado para dama – SANRIO. Inspirada en Hello kitty, disfruta de una prenda que combina estilo y comodidad, confeccionada en RUSTICO de alta calidad, disponible en talles S-M-L-XL. Perfecta para destacar en cada ocasión y acompañar tus aventuras diarias. ¡Hazla tuya y renueva tu look con diversión y versatilidad!",65999,https://magicstore.com.ar/buzo-capucha-oversize-hello-kitty-rosa-jaspeado-para-dama-sanrio/
84043,HELLO KITTY,Remera Adulto MC Kitty,Remera Adulto MC Kitty,S-M-L-XL,2-2-1-1,10990,fuzzy,0.75,si,Remera ML Hello Kitty,84057-rosa,https://magicstore.com.ar/wp-content/uploads/2026/02/hk1-1.jpg,"Esta remera de manga larga es la prenda ideal para quienes buscan un estilo con personalidad y mucha actitud. Fusionando el encanto clásico de Hello Kitty con elementos de la estética «rocker», esta pieza se convierte en un diseño audaz y moderno para el guardarropa infantil.",26500,https://magicstore.com.ar/remera-ml-hello-kitty-5/
84044,HELLO KITTY,Remera Adulto MC Kitty,Remera Adulto MC Kitty,S-M-L-XL,2-2-1-1,9990,sku,1.00,si,Remera manga corta hello kitty gris para dama – SANRIO,84044-gris,https://magicstore.com.ar/wp-content/uploads/2025/07/hello-kitty.jpg,"Remeras manga corta hello kitty gris para dama – SANRIO. Inspirada en Hello kitty, disfruta de una prenda que combina estilo y comodidad, confeccionada en Jersey de alta calidad, disponible en talles S-M-L-XL. Perfecta para destacar en cada ocasión y acompañar tus aventuras diarias. ¡Hazla tuya y renueva tu look con diversión y versatilidad!",23999,https://magicstore.com.ar/remeras-manga-corta-hello-kitty-gris-para-dama-sanrio/
84046,HELLO KITTY,Camison Adulto MC Kitty,Camison Adulto MC Kitty,S-M-L-XL,2-2-1-1,12500,sku,1.00,si,Camison manga corta hello kitty rosa para dama – SANRIO,84046-rosa,https://magicstore.com.ar/wp-content/uploads/2025/10/remeron-hello-kitty-adulto-3-scaled.webp,"Camison manga corta hello kitty rosa para dama – SANRIO. Inspirada en Hello kitty, disfruta de una prenda que combina estilo y comodidad, confeccionada en JERSEY de alta calidad, disponible en talles S-M-L-XL. Perfecta para destacar en cada ocasión y acompañar tus aventuras diarias. ¡Hazla tuya y renueva tu look con diversión y versatilidad!",29999,https://magicstore.com.ar/camison-manga-corta-hello-kitty-rosa-para-dama-sanrio-2/
84048,HELLO KITTY,Bombacha Kitty,Bombacha Kitty,2-4-6-8-10,1-2-2-2-1,2990,sku,1.00,si,Bombacha hello kitty,84048-lila,https://magicstore.com.ar/wp-content/uploads/2026/02/840481.jpeg,"¡Ternura y comodidad en cada detalle! Una prenda íntima diseñada para brindar suavidad y un estilo encantador para las más pequeñas. Diseño Delicado: Presenta un estampado all-over (en toda la prenda) con caritas de Hello Kitty y corazones en tonos violetas sobre un fondo lila suave. Detalles en Contraste: Cuenta con terminaciones elásticas en color verde agua que resaltan el diseño y aseguran un ajuste cómodo. Máximo Confort: Confeccionada en algodón suave y respirable, ideal para el uso diario y el cuidado de la piel. Calce Perfecto: Su corte clásico permite total libertad de movimiento en todas las actividades. 🌟 Producto 100% Original: Calidad garantizada bajo licencia oficial de Sanrio.",7500,https://magicstore.com.ar/bombacha-hello-kitty/
84049,HELLO KITTY,Buzo Capucha Kitty,Buzo Capucha Kitty,4-6-8-10-12-14-16,2-2-2-2-2-1-1,24990,fuzzy,0.50,si,Buzo cuello redondo hello kitty,84050-negro,https://magicstore.com.ar/wp-content/uploads/2026/02/5552.jpg,"¡Un diseño lleno de amor y brillo para las pequeñas fans de Hello Kitty! Este buzo clásico combina la versatilidad del negro con el encanto del personaje más dulce. Estampa Destacada: El frente luce el rostro de Hello Kitty sosteniendo un gran corazón rojo con textura de glitter (brillo) y el logo de la marca en contraste blanco. Diseño Versátil: Confeccionado en color negro pleno, una opción ideal para combinar con cualquier prenda y mantener un look siempre impecable. Comodidad y Abrigo: Modelo de cuello redondo con terminaciones de rib elástico en el cuello, puños y cintura para un ajuste cómodo y abrigado. Detalles de Calidad: Cuenta con una suave cinta de limpieza en el cuello (tapacostura) en color rojo a tono con la estampa. 🌟 Producto 100% Original: Calidad y dulzura garantizadas bajo licencia oficial de Sanrio.",43999,https://magicstore.com.ar/buzo-cuello-redondo-hello-kitty/
84050,HELLO KITTY,Buzo CR Kitty,Buzo CR Kitty,4-6-8-10-12-14-16,2-2-2-2-2-1-1,19990,sku,1.00,si,Buzo cuello redondo hello kitty,84050-negro,https://magicstore.com.ar/wp-content/uploads/2026/02/5552.jpg,"¡Un diseño lleno de amor y brillo para las pequeñas fans de Hello Kitty! Este buzo clásico combina la versatilidad del negro con el encanto del personaje más dulce. Estampa Destacada: El frente luce el rostro de Hello Kitty sosteniendo un gran corazón rojo con textura de glitter (brillo) y el logo de la marca en contraste blanco. Diseño Versátil: Confeccionado en color negro pleno, una opción ideal para combinar con cualquier prenda y mantener un look siempre impecable. Comodidad y Abrigo: Modelo de cuello redondo con terminaciones de rib elástico en el cuello, puños y cintura para un ajuste cómodo y abrigado. Detalles de Calidad: Cuenta con una suave cinta de limpieza en el cuello (tapacostura) en color rojo a tono con la estampa. 🌟 Producto 100% Original: Calidad y dulzura garantizadas bajo licencia oficial de Sanrio.",43999,https://magicstore.com.ar/buzo-cuello-redondo-hello-kitty/
84051,HELLO KITTY,Calza Kitty,Calza Kitty,4-6-8-10-12-14-16,2-2-2-2-2-1-1,11990,sku,1.00,si,Calza microfibra hello kitty,84051-gris,https://magicstore.com.ar/wp-content/uploads/2026/02/33332-1.jpg,"¡Comodidad y diversión sobre ruedas! Una calza llena de energía y ternura, perfecta para jugar todo el día. Estampado Divertido: Diseño all-over (estampado completo) que presenta a Hello Kitty en patines, rodeada de frases como «Roll With It», notas musicales, cerezas y estrellitas. Variedad de Colores: Disponible en dos combinaciones súper combinables: Rosa: Un tono vibrante y alegre con detalles en blanco y negro. Gris Topo: Una base oscura que hace resaltar los dibujos en blanco y rosa neón. Ajuste Cómodo: Cuenta con cintura elástica que se adapta suavemente al cuerpo, permitiendo total libertad de movimiento. Versatilidad: Ideal para combinar con remeras o buzos y crear un look urbano y relajado. 🌟 Producto 100% Original: Calidad y diseño garantizados bajo licencia oficial de Sanrio.",28999,https://magicstore.com.ar/calza-microfibra-hello-kitty-2/
84053,HELLO KITTY,Camison ML Kitty,Camison ML Kitty,4-6-8-10-12-14-16,2-2-2-2-2-1-1,11990,sku,1.00,si,Camisón Hello Kitty,84053-azul,https://magicstore.com.ar/wp-content/uploads/2026/02/84053.jpeg,"¡Diversión y dulzura para la hora de descansar o jugar en casa! Una prenda súper cómoda con un estilo gráfico moderno tipo scrapbook. Diseño «Sticker Fun»: El frente presenta un fondo cuadriculado sobre el que destaca una gran Hello Kitty guiñando un ojo, rodeada de divertidos gráficos estilo «pegatina»: cámaras de fotos, cartitas de amor, moños, manzanas y leche. Variedad de Colores: Disponible en dos hermosas opciones: Azul: Con mangas y espalda en azul acero y detalles de la estampa en rojo y rosa. Rosa: Con mangas y espalda en rosa chicle vibrante, manteniendo la dulzura del personaje. Confort Total: Corte recto y relajado con mangas largas y cuello redondo, confeccionado en algodón suave para garantizar comodidad durante toda la noche o el día. 🌟 Producto 100% Original: Calidad y ternura garantizadas bajo licencia oficial de Sanrio.",28999,https://magicstore.com.ar/camison-hello-kitty-2/
84054,HELLO KITTY,Pijama ML Kitty,Pijama ML Kitty,4-6-8-10-12-14-16,2-2-2-2-2-1-1,19990,fuzzy,0.60,si,Pijama hello kitty &#8211; sanrio,84010-rosa,https://magicstore.com.ar/wp-content/uploads/2025/02/84010-completo.jpg,"Haz que los sueños sean aún más dulces con Hello Kitty! Este pijama de Hello Kitty está diseñado para las pequeñas que adoran la magia y ternura de la famosa gatita. Con un diseño colorido y encantador, es perfecto para un descanso cómodo y lleno de dulzura. Hecho con materiales suaves y frescos, garantiza una noche de sueños llenos de cariño y alegría. ¡Acompaña tus sueños con Hello Kitty! Agrégalo al carrito ahora.",42500,https://magicstore.com.ar/pijama-hello-kitty/
84055,HELLO KITTY,Remera ML Kitty,Remera ML Kitty,4-6-8-10-12-14-16,2-2-2-2-2-1-1,10990,fuzzy,1.00,si,Remera ML Hello Kitty,84057-rosa,https://magicstore.com.ar/wp-content/uploads/2026/02/hk1-1.jpg,"Esta remera de manga larga es la prenda ideal para quienes buscan un estilo con personalidad y mucha actitud. Fusionando el encanto clásico de Hello Kitty con elementos de la estética «rocker», esta pieza se convierte en un diseño audaz y moderno para el guardarropa infantil.",26500,https://magicstore.com.ar/remera-ml-hello-kitty-5/
84056,HELLO KITTY,Remera ML Kitty,Remera ML Kitty,4-6-8-10-12-14-16,2-2-2-2-2-1-1,10990,sku,1.00,si,Remera ML Hello Kitty,84056-Lila,https://magicstore.com.ar/wp-content/uploads/2026/02/84056-2.jpeg,Esta remera de manga larga combina una estética urbana y deportiva con el encanto inconfundible de Hello Kitty. Su diseño de «falsa doble prenda» y sus detalles gráficos inspirados en el arte callejero la convierten en una opción moderna y llena de actitud para las más chicas.,26500,https://magicstore.com.ar/remera-ml-hello-kitty-3/
84057,HELLO KITTY,Remera ML Kitty,Remera ML Kitty,4-6-8-10-12-14-16,2-2-2-2-2-1-1,10990,sku,1.00,si,Remera ML Hello Kitty,84057-rosa,https://magicstore.com.ar/wp-content/uploads/2026/02/hk1-1.jpg,"Esta remera de manga larga es la prenda ideal para quienes buscan un estilo con personalidad y mucha actitud. Fusionando el encanto clásico de Hello Kitty con elementos de la estética «rocker», esta pieza se convierte en un diseño audaz y moderno para el guardarropa infantil.",26500,https://magicstore.com.ar/remera-ml-hello-kitty-5/
84058,HELLO KITTY,Jogging Kitty,Jogging Kitty,4-6-8-10-12-14-16,2-2-2-2-2-1-1,19990,sku,1.00,si,Jogging Cargo Hello Kitty,84058-negro,https://magicstore.com.ar/wp-content/uploads/2026/02/Sin-ti-1.jpg,"Este pantalón de jogging estilo cargo es la prenda ideal para quienes buscan un look moderno y relajado. En un color negro clásico, se destaca por sus detalles funcionales y una estampa adorable de Hello Kitty, convirtiéndose en un básico con mucha personalidad para el invierno.",43999,https://magicstore.com.ar/jogging-cargo-hello-kitty-2/
84060,HELLO KITTY,Calza Kitty,Calza Kitty,4-6-8-10-12-14-16,2-2-2-2-2-1-1,11990,sku,1.00,si,Calza Hello Kitty,84060-turquesa,https://magicstore.com.ar/wp-content/uploads/2026/02/84060-1.jpg,"Esta calza de Hello Kitty es una prenda llena de vida, diseñada para destacar. Su efecto visual único y su diseño tierno la convierten en la favorita de las más chicas para jugar, ir al colegio o pasear con un look súper moderno.",28999,https://magicstore.com.ar/calza-hello-kitty/
84600,KUROMI,BUZO CR KUROMI,BUZO CR KUROMI,6-8-10-12-14-16,1 X TALLE,17500,sku,1.00,si,Buzo frisa Kuromi &#8211; Sanrio,84600-negro,https://magicstore.com.ar/wp-content/uploads/2025/02/MAGIC_Buzo-Kuromi-Dark-Cute.webp,"¡Estilo rebelde con el toque más cute! 💀💜 Este buzo negro de Kuromi es perfecto para quienes aman su personalidad traviesa y única. Con un diseño inspirado en la icónica amiga de Sanrio, está confeccionado en tela suave y abrigada para máxima comodidad. Ideal para un look oscuro, tierno y con actitud. 🌙✨ 🖤 ¡Luce tu lado más cool con Kuromi! Agrégalo al carrito ahora.",38500,https://magicstore.com.ar/buzo-frisa-kuromi/
84601,KUROMI,BUZO CAPUCHA KUROMI,BUZO CAPUCHA KUROMI,4-6-8-10-12-14-16,1-1-2-2-2-2-2,24990,sku,1.00,si,Buzo Purple Kuromi,84601%lila,https://magicstore.com.ar/wp-content/uploads/2025/02/MAGIC_Buzo-Purple-Kuromi.webp,"¡Dale un toque rebelde y adorable a tu outfit con Kuromi! Este buzo lila de Kuromi combina comodidad y estilo con un diseño inspirado en la traviesa y encantadora amiga de Sanrio. Confeccionado en tela suave y abrigada, es perfecto para los días frescos, manteniéndote cómoda sin perder el estilo. Ideal para quienes aman el look cute pero con actitud. ¡Atrévete a brillar con Kuromi! Agrégalo al carrito ahora.",54999,https://magicstore.com.ar/buzo-purple-kuromi/
84602,KUROMI,JOGGING CARGO KUROMI,JOGGING CARGO KUROMI,4-6-8-10-12-14-16,1-1-2-2-2-2-2,16990,sku,1.00,si,Jogging Cargo Frisa Kuromi,84602-Violeta,https://magicstore.com.ar/wp-content/uploads/2025/07/KUROMI-ART.84602-scaled.webp,"Jogging súper cómodo confeccionado en frisa suave y abrigada, ideal para los días frescos. Con calce relajado tipo cargo, cuenta con bolsillos laterales amplios y detalles inspirados en Kuromi, el personaje más travieso de Sanrio. Tiro medio y cintura elastizada con cordón ajustable Bolsillos cargo funcionales y puños con elástico Estampa de Kuromi en alta calidad resistente al lavado Perfecto para looks urbanos con un toque kawaii. Disponible en talles del 4 al 16.",37500,https://magicstore.com.ar/jogging-cargo-frisa-kuromi/
84604,KUROMI,CAMISON ML KUROMI,CAMISON ML KUROMI,4-6-8-10-12-14-16,1-1-2-2-2-2-2,10990,sku,1.00,si,Camisón Kuromi,84604-rosa,https://magicstore.com.ar/wp-content/uploads/2025/02/84604.jpg,"¡Duerme con el toque travieso de Kuromi! Este camisón de Kuromi es perfecto para quienes aman su estilo único y rebelde. Con un diseño adorable y detalles de Kuromi, está confeccionado en tela suave y fresca para garantizar comodidad y un descanso con mucho estilo. Ideal para las fans de Sanrio que quieren agregar un toque de actitud hasta en la hora de dormir. ¡Sueña a lo grande con Kuromi! Agrégalo al carrito ahora.",26500,https://magicstore.com.ar/camison-kuromi/
84605,KUROMI,PIJAMA ML KUROMI,PIJAMA ML KUROMI,4-6-8-10-12-14-16,1 X TALLE,16990,fuzzy,1.00,si,pijama kuromi,84629-gris,https://magicstore.com.ar/wp-content/uploads/2026/02/84629-2.jpg,"Este pijama de dos piezas combina la comodidad de los tejidos clásicos con el diseño pcaro de Kuromi. Es la prenda ideal para las fanáticas que prefieren una paleta de colores neutros sin renunciar a sus personajes favoritos. Confeccionada en gris melange, presenta una estampa central de Kuromi luciendo múltiples lazos en su gorrito y una expresión de guiño. El diseño está decorado con estrellas, corazones y una pequeña ovejita acompañante en tonos lila y verde agua. El conjunto se completa con un pantalón liso en color gris grafito, que crea un contraste elegante con la remera y es muy práctico para el uso diario.",47999,https://magicstore.com.ar/pijama-kuromi-4/
84607,KUROMI,REMERAS ML KUROMI,REMERAS ML KUROMI,4-6-8-10-12-14-16,1 X TALLE,8990,sku,1.00,si,Remera Manga Larga de Algodón Kuromi,84607-lila,https://magicstore.com.ar/wp-content/uploads/2025/05/Remera-algodon-kuromi-1.webp,"¡Mostrá tu lado más kawaii con esta remera manga larga de algodón con diseño de Kuromi! Perfecta para cualquier temporada, esta prenda combina comodidad, estilo y un toque rebelde al mejor estilo Sanrio. Confeccionada en algodón 100% suave y respirable, es ideal para el uso diario. Su corte moderno y ajuste relajado hacen que se adapte fácilmente a distintos cuerpos y estilos. El estampado frontal de Kuromi, la anti-heroína favorita de muchos, le da un aire divertido y único a tu outfit. Características destacadas: 🖤 Diseño exclusivo de Kuromi, personaje original de Sanrio 👕 Algodón de alta calidad, cómodo y duradero 🌈 Ideal para looks casuales, streetwear o estilo Harajuku 🧼 Fácil de lavar y mantener 🌿 Apta para pieles sensibles: libre de materiales sintéticos Esta remera manga larga Kuromi es perfecta para fans del mundo kawaii, otakus, y amantes de la moda japonesa. Combiná con jeans, polleras o joggers y llevá tu estilo a otro nivel. 👉 ¡No te quedes sin la tuya! Stock limitado. Envíos a todo el país.",21999,https://magicstore.com.ar/remera-algodon-kuromi-3/
84610,KUROMI,Buzo Cap Oversize Kuromi,Buzo Cap Oversize Kuromi,4-6-8-10,1 X TALLE,24990,sku,1.00,si,Buzo capucha oversize kuromi lila para niñas – SANRIO,84610-lila,https://magicstore.com.ar/wp-content/uploads/2025/07/707-scaled.webp,"Buzo capucha oversize kuromi lila para niñas – SANRIO. Inspirada en Kuromi, disfruta de una prenda que combina estilo y comodidad, confeccionada en Rustico de alta calidad, disponible en talles 4-6-8-10-12-14-16. Perfecta para destacar en cada ocasión y acompañar tus aventuras diarias. ¡Hazla tuya y renueva tu look con diversión y versatilidad!",54999,https://magicstore.com.ar/buzo-capucha-oversize-kuromi-lila-para-ninas-sanrio/
84621,KUROMI,Remera Adulto MC Kuromi,Remera Adulto MC Kuromi,S-M-L-XL,2-2-1-1,9990,sku,1.00,si,Remera manga corta kuromi negro para dama – SANRIO,84621-negro,https://magicstore.com.ar/wp-content/uploads/2025/07/remera-kuromi-negra-1.jpg,"Remeras manga corta kuromi negro para dama – SANRIO. Inspirada en Kuromi, disfruta de una prenda que combina estilo y comodidad, confeccionada en Jersey de alta calidad, disponible en talles S-M-L-XL. Perfecta para destacar en cada ocasión y acompañar tus aventuras diarias. ¡Hazla tuya y renueva tu look con diversión y versatilidad!",23999,https://magicstore.com.ar/remeras-manga-corta-kuromi-negro-para-dama-sanrio/
84622,KUROMI,Pijama Adulto MC Kuromi,Pijama Adulto MC Kuromi,XS-S-M-L-XL,1-2-2-2-1,17500,sku,1.00,si,Pijama manga corta kuromi blanco para dama – SANRIO,84622-blanco,https://magicstore.com.ar/wp-content/uploads/2025/07/Pijama-kuromi.png,"Pijama manga corta kuromi blanco para dama – SANRIO. Inspirada en Kuromi, disfruta de una prenda que combina estilo y comodidad, confeccionada en Jersey de alta calidad, disponible en talles S-M-L-XL. Perfecta para destacar en cada ocasión y acompañar tus aventuras diarias. ¡Hazla tuya y renueva tu look con diversión y versatilidad!",41999,https://magicstore.com.ar/pijama-manga-corta-kuromi-blanco-para-dama-sanrio/
84624,KUROMI,Bombacha Kuromi,Bombacha Kuromi,4-6-8-10-12-14-16,2-2-2-2-2-1-1,2990,slug,1.00,si,Bombacha Kuromi,84624-lila,https://magicstore.com.ar/wp-content/uploads/2026/02/84624-2.jpeg,,7500,https://magicstore.com.ar/bombacha-kuromi/
84625,KUROMI,Buzo Capucha Kuromi,Buzo Capucha Kuromi,4-6-8-10-12-14-16,1-1-2-2-2-2-2,26990,sku,1.00,si,Buzo con Capucha Kuromi,84625-beige,https://magicstore.com.ar/wp-content/uploads/2026/02/846251.jpeg,"Este buzo con capucha es la prenda ideal para las fanáticas de Kuromi que buscan un look urbano y abrigado. Su color beige, combinado con detalles en contraste, lo convierte en una pieza clave para cualquier outfit de invierno con mucha personalidad.",59500,https://magicstore.com.ar/buzo-con-capucha-kuromi-2/
84626,KUROMI,Buzo CR Kuromi,Buzo CR Kuromi,4-6-8-10-12-14-16,1-1-2-2-2-2-2,19990,sku,1.00,si,Buzo Kuromi Cuello Redondo,84626-gris,https://magicstore.com.ar/wp-content/uploads/2026/02/846263.jpeg,"Este buzo de Kuromi es la prenda perfecta para quienes aman el lado más audaz de Sanrio. Con un diseño moderno y un color suave, ofrece el equilibrio ideal entre comodidad y tendencia urbana para el invierno.",43999,https://magicstore.com.ar/buzo-kuromi-cuello-redondo-2/
84627,KUROMI,Calza Kuromi,Calza Kuromi,4-6-8-10-12-14-16,1-1-2-2-2-2-2,11990,slug,1.00,si,Calza Kuromi,84627-rosa,https://magicstore.com.ar/wp-content/uploads/2026/02/84627-2.jpeg,"Esta calza de Kuromi es la prenda ideal para las fanáticas que buscan un look vibrante y lleno de actitud. Con un diseño cargado de detalles icónicos, ofrece la comodidad necesaria para jugar o pasear durante todo el día.",28999,https://magicstore.com.ar/calza-kuromi/
84628,KUROMI,Pijama ML Kuromi,Pijama ML Kuromi,4-6-8-10-12-14-16,1-1-2-2-2-2-2,19990,sku,1.00,si,Pijama Kuromi,84628-durazno,https://magicstore.com.ar/wp-content/uploads/2026/02/84628.jpg,"Este pijama de dos piezas es la opción ideal para las fanáticas de Sanrio que buscan comodidad y un diseño con personalidad. Combinando tonos pasteles con ilustraciones detalladas, es una prenda pensada para brindar el máximo confort durante el descanso sin perder el estilo.",47999,https://magicstore.com.ar/pijama-kuromi-2/
84629,KUROMI,Pijama ML Kuromi,Pijama ML Kuromi,4-6-8-10-12-14-16,1-1-2-2-2-2-2,19990,sku,1.00,si,pijama kuromi,84629-gris,https://magicstore.com.ar/wp-content/uploads/2026/02/84629-2.jpg,"Este pijama de dos piezas combina la comodidad de los tejidos clásicos con el diseño pcaro de Kuromi. Es la prenda ideal para las fanáticas que prefieren una paleta de colores neutros sin renunciar a sus personajes favoritos. Confeccionada en gris melange, presenta una estampa central de Kuromi luciendo múltiples lazos en su gorrito y una expresión de guiño. El diseño está decorado con estrellas, corazones y una pequeña ovejita acompañante en tonos lila y verde agua. El conjunto se completa con un pantalón liso en color gris grafito, que crea un contraste elegante con la remera y es muy práctico para el uso diario.",47999,https://magicstore.com.ar/pijama-kuromi-4/
84630,KUROMI,Remera ML Kuromi,Remera ML Kuromi,4-6-8-10-12-14-16,1-1-2-2-2-2-2,11990,slug,1.00,si,Remera ML Kuromi,84631-blanco,https://magicstore.com.ar/wp-content/uploads/2026/02/846313.jpeg,"Esta remera de manga larga es una prenda básica pero con detalles de diseño que la hacen única. Con una estética limpia y contrastada, es ideal para las fanáticas de Kuromi que buscan un look versátil y moderno para el día a día. La prenda destaca por sus mangas largas en color negro sólido que contrastan con el cuerpo en blanco puro, un corte de estilo deportivo que resalta la figura y nunca pasa de moda.",28999,https://magicstore.com.ar/remera-ml-kuromi/
84631,KUROMI,Remera ML Kuromi,Remera ML Kuromi,4-6-8-10-12-14-16,1-1-2-2-2-2-2,11990,slug,1.00,si,Remera ML Kuromi,84631-blanco,https://magicstore.com.ar/wp-content/uploads/2026/02/846313.jpeg,"Esta remera de manga larga es una prenda básica pero con detalles de diseño que la hacen única. Con una estética limpia y contrastada, es ideal para las fanáticas de Kuromi que buscan un look versátil y moderno para el día a día. La prenda destaca por sus mangas largas en color negro sólido que contrastan con el cuerpo en blanco puro, un corte de estilo deportivo que resalta la figura y nunca pasa de moda.",28999,https://magicstore.com.ar/remera-ml-kuromi/
84632,KUROMI,Remera ML Kuromi,Remera ML Kuromi,4-6-8-10-12-14-16,1-1-2-2-2-2-2,11990,slug,1.00,si,Remera ML Kuromi,84631-blanco,https://magicstore.com.ar/wp-content/uploads/2026/02/846313.jpeg,"Esta remera de manga larga es una prenda básica pero con detalles de diseño que la hacen única. Con una estética limpia y contrastada, es ideal para las fanáticas de Kuromi que buscan un look versátil y moderno para el día a día. La prenda destaca por sus mangas largas en color negro sólido que contrastan con el cuerpo en blanco puro, un corte de estilo deportivo que resalta la figura y nunca pasa de moda.",28999,https://magicstore.com.ar/remera-ml-kuromi/
84633,KUROMI,Remera ML Kuromi,Remera ML Kuromi,4-6-8-10-12-14-16,1-1-2-2-2-2-2,11990,slug,1.00,si,Remera ML Kuromi,84631-blanco,https://magicstore.com.ar/wp-content/uploads/2026/02/846313.jpeg,"Esta remera de manga larga es una prenda básica pero con detalles de diseño que la hacen única. Con una estética limpia y contrastada, es ideal para las fanáticas de Kuromi que buscan un look versátil y moderno para el día a día. La prenda destaca por sus mangas largas en color negro sólido que contrastan con el cuerpo en blanco puro, un corte de estilo deportivo que resalta la figura y nunca pasa de moda.",28999,https://magicstore.com.ar/remera-ml-kuromi/
85090,REY LEON,Pijama ML REY LEON,Pijama ML REY LEON,4-6-8-10-12,1-2-2-2-1,11990,sku,1.00,si,Pijama El Rey León,85090%gris,https://magicstore.com.ar/wp-content/uploads/2025/02/85090.webp,"Este pijama de El Rey León es perfecto para que los pequeños aventureros descansen con la magia de la película. Su diseño encantador, inspirado en Simba y sus amigos, hará que la hora de dormir sea más divertida y cómoda. Confeccionado en tela suave y transpirable, garantiza una noche de sueño placentero mientras los niños sueñan con increíbles aventuras en la sabana.",28999,https://magicstore.com.ar/pijama-el-rey-leon/
85091,REY LEON,Buzo Capucha REY LEON,Buzo Capucha REY LEON,4-6-8-10-12,1 X TALLE,14990,sku,1.00,si,Buzo Rey León,85091-verde,https://magicstore.com.ar/wp-content/uploads/2025/02/MAGIC_BUZOREYLEON-1.webp,"Buzo de frisa con capucha forrada ajustable, estampado con efecto puff. Confeccionado en material suave y abrigado, ideal para los días fríos. Diseño moderno y cómodo, perfecto para un look casual y con estilo.",32999,https://magicstore.com.ar/buzo-rey-leon/
85092,REY LEON,Remera ML REY LEON,Remera ML REY LEON,4-6-8-10-12,1-2-2-2-1,7990,sku,1.00,si,Remera Manga Larga Rey León &#8211; Disney,85092-marron,https://magicstore.com.ar/wp-content/uploads/2025/02/magic-buzo-rey-leon-3.webp,"Remera de Manga Larga Rey León – Disney La remera de manga larga del Rey León es una opción ideal para los pequeños fanáticos de esta inolvidable película de Disney. Confeccionada en algodón 100%, ofrece una sensación suave y respirable, perfecta para el uso diario en días frescos. El estampado frontal de Simba le da un toque tierno y aventurero, convirtiéndola en una prenda divertida y funcional. Su corte cómodo y clásico permite combinarla fácilmente con joggings, jeans o shorts. Tejido de algodón 100% de alta calidad Diseño de manga larga para mayor abrigo Estampado original de El Rey León Corte relajado que brinda libertad de movimiento Disponible en múltiples tallas infantiles Acompañá cada día con la aventura y el espíritu salvaje del Rey León con esta remera cómoda y con estilo.",19500,https://magicstore.com.ar/remera-rey-leon/
85096,INTENSAMENTE,Remera ML Intensamente,Remera ML Intensamente,4-6-8-10-12,1-2-2-2-1,7990,sku,1.00,si,Remera Intensamente,85096%blanco,https://magicstore.com.ar/wp-content/uploads/2025/01/magic-281.jpg,"¡Que las emociones guíen su día con esta remera manga larga inspirada en Intensamente! Con un diseño lleno de color y energía, esta prenda captura la esencia de las emociones más queridas: Alegría, Tristeza, Miedo, Ira y Desagrado. Hecha de material suave y cómodo, es perfecta para mantener a los más pequeños abrigados mientras se sumergen en el mundo emocional y se sienten como parte de la gran aventura que viven en la mente de Riley. ¡Una remera llena de emociones, justo como la vida misma!",19500,https://magicstore.com.ar/remera-intensamente/
85098,INTENSAMENTE,Remera ML Intensamente,Remera ML Intensamente,4-6-8-10-12,1-2-2-2-1,7990,sku,1.00,si,Remera Intensamente,85098%lila,https://magicstore.com.ar/wp-content/uploads/2025/01/magic-279.jpg,"¡Deja que las emociones cobren vida con esta remera manga larga de Intensamente! Con los personajes más divertidos y coloridos, esta prenda cómoda y llena de energía es perfecta para mantener a tu peque caliente y feliz todo el día. ¡Una explosión de colores y sentimientos en su armario!",19500,https://magicstore.com.ar/remera-emocion-en-accion/
85100,INTENSAMENTE,Buzo CR Intensamente,Buzo CR Intensamente,2-4-6-8-10,1 X TALLE,12500,sku,1.00,si,Buzo Intensamente,85100%Rosa,https://magicstore.com.ar/wp-content/uploads/2025/02/85100.png,"¡Exprésate con estilo y emoción! Este buzo Intensamente es perfecto para los pequeños que aman explorar sus emociones y vivir cada momento con intensidad. Con un diseño inspirado en los personajes de la película, este buzo es suave, cómodo y lleno de colores vibrantes que reflejan la energía de Alegría, Tristeza, Miedo, Ira y Desagrado. Ideal para días de juegos, aventuras o descanso, siempre con el toque especial de tus emociones favoritas. 🌟 💫 ¡Vive con intensidad, agrégalo al carrito ahora!",27500,https://magicstore.com.ar/buzo-inside-out/
85516,SONIC,Remera ML Sonic,Remera ML Sonic,4-6-8-10-12,1-2-2-2-1,10990,sku,1.00,si,Remera manga larga de algodon Sonic &#8211; SEGA,85516-blanco,https://magicstore.com.ar/wp-content/uploads/2025/01/magik-2304839-1.jpg,"Remera de Algodón Sonic – SEGA Descubre la remera de algodón Sonic oficial de SEGA, confeccionada en algodón 100% de alta calidad para ofrecer suavidad y transpirabilidad excepcionales. Su diseño auténtico con estampado de Sonic the Hedgehog aporta un toque dinámico y nostálgico, ideal para lucir un estilo casual y moderno en tu día a día. Algodón 100%: suave, ligero y transpirable Estampado Sonic con licencia oficial SEGA y alta definición Corte regular fit que se adapta cómodamente al cuerpo sin apretar Costuras reforzadas para mayor durabilidad tras múltiples lavados Cuello redondo clásico para un look atemporal Fácil cuidado: lavable a máquina y secado rápido",26500,https://magicstore.com.ar/remera-algodon-sonic/
85517,SONIC,Remera ML Sonic,Remera ML Sonic,4-6-8-10-12,1-2-2-2-1,10990,sku,1.00,si,Remera Sonic,85517%gris,https://magicstore.com.ar/wp-content/uploads/2025/01/magik-2304820.jpg,"¡Sonic no solo es rápido, también tiene actitud! Esta remera captura al erizo más famoso del mundo en su pose más desafiante: con los brazos cruzados, demostrando que está listo para cualquier desafío. Con un diseño lleno de energía y estilo, esta camiseta es perfecta para quienes adoran al Sonic más audaz y seguro de sí mismo. Hecha con materiales suaves y cómodos, es ideal para lucir tu pasión por el universo de Sonic con un toque único y fresco. ¡Póntela y demuestra que, al igual que Sonic, tú también puedes ir a toda velocidad con confianza!",26500,https://magicstore.com.ar/remera-sonic-2/
85518,SONIC,Remera ML Sonic,Remera ML Sonic,4-6-8-10-12,1-2-2-2-1,10990,sku,1.00,si,Remera Sonic Rings,85518%marron,https://magicstore.com.ar/wp-content/uploads/2025/02/Sin-titulo-1.webp,"Remera de algodón, estampada con shimmer. Confeccionada en material suave y cómodo, ideal para un look casual con un toque brillante. Diseño moderno y estilizado, perfecto para el día a día.",26500,https://magicstore.com.ar/remera-sonic-rings/
85519,SONIC,Remera ML Sonic,Remera ML Sonic,4-6-8-10-12,1-2-2-2-1,8990,sku,1.00,si,Remera Manga Larga Sonic,85519-celeste,https://magicstore.com.ar/wp-content/uploads/2025/05/85519.webp,"¡Corre con estilo! Remera 100% algodón suave y respirable, con estampado frontal de Sonic, el icónico erizo azul de los videojuegos. Diseño moderno y cómodo, ideal para fans de todas las edades. Costuras reforzadas y calce regular para uso diario. Disponible en varios talles.",21999,https://magicstore.com.ar/remera-manga-larga-sonic/
85520,SONIC,Remera ML Sonic,Remera ML Sonic,4-6-8-10-12,1-2-2-2-1,10990,fuzzy,1.00,si,Remera Sonic,85517%gris,https://magicstore.com.ar/wp-content/uploads/2025/01/magik-2304820.jpg,"¡Sonic no solo es rápido, también tiene actitud! Esta remera captura al erizo más famoso del mundo en su pose más desafiante: con los brazos cruzados, demostrando que está listo para cualquier desafío. Con un diseño lleno de energía y estilo, esta camiseta es perfecta para quienes adoran al Sonic más audaz y seguro de sí mismo. Hecha con materiales suaves y cómodos, es ideal para lucir tu pasión por el universo de Sonic con un toque único y fresco. ¡Póntela y demuestra que, al igual que Sonic, tú también puedes ir a toda velocidad con confianza!",26500,https://magicstore.com.ar/remera-sonic-2/
85521,SONIC,Buzo CR Sonic,Buzo CR Sonic,4-6-8-10-12,1-2-2-2-1,14990,sku,1.00,si,Buzo Velocidad y Amistad,85521%gris,https://magicstore.com.ar/wp-content/uploads/2025/02/SONIC-ART.-85521-scaled.jpg,"¡Corre a toda velocidad con Sonic y sus mejores amigos! 🏁 Este buzo presenta a Sonic, Tails y Knuckles en un diseño lleno de color y energía. Hecho con tela suave y abrigada, es perfecto para jugar, explorar y vivir nuevas aventuras con el estilo de los personajes más icónicos de SEGA. Ideal para los pequeños fanáticos que aman la velocidad y el trabajo en equipo.",32999,https://magicstore.com.ar/buzo-velocidad-y-amistad/
85522,SONIC,Buzo Capucha Sonic,Buzo Capucha Sonic,4-6-8-10-12,1 X TALLE,19990,sku,1.00,si,Buzo Capucha Sonic,85522-negro,https://magicstore.com.ar/wp-content/uploads/2025/05/Sin-titulo-1-5.webp,"Este buzo azul de Sonic es una prenda que combina la comodidad con el estilo dinámico del erizo más famoso de los videojuegos. Su vibrante tono azul oscuro refleja la energía y velocidad que caracteriza a Sonic, mientras que el diseño resalta por su simplicidad y modernidad.",43999,https://magicstore.com.ar/buzo-capucha-sonic-2/
85524,SONIC,Boxer SONIC,Boxer SONIC,8-10-12-14,1 X TALLE,3990,fuzzy,0.50,si,Boxer Sonic The Hedgehog,85536-celeste,https://magicstore.com.ar/wp-content/uploads/2026/02/85536-1.jpg,"Este bóxer de Sonic The Hedgehog está diseñado para los pequeños fanáticos de los videojuegos. Con un estampado vibrante y lleno de energía, combina la diversión del personaje con la comodidad necesaria para el uso diario. Posee costuras reforzadas a la vista en un tono bordó/rojizo en la zona de la bragueta y los ruedos, lo que aporta durabilidad y un detalle de color a contraste. Diseño anatómico tipo bóxer corto para mayor libertad de movimiento. Confeccionado en algodón con elastano, un tejido que permite la respirabilidad de la piel y ofrece la elasticidad necesaria para adaptarse al cuerpo.",9999,https://magicstore.com.ar/boxer-sonic-the-hedgehog/
85526,SONIC,CHALECO SONIC,CHALECO SONIC,4-6-8-10-12,1-2-2-2-1,29990,slug,1.00,si,Chaleco Sonic,85526%blanco,https://magicstore.com.ar/wp-content/uploads/2025/01/mgc-3305298.jpg,"Chaleco de siré, forrado con piel para mayor calidez. Confeccionado en material resistente y cómodo, ideal para los días fríos. Diseño elegante y práctico, perfecto para complementar tu look de invierno.",59999,https://magicstore.com.ar/chaleco-sonic/
85527,SONIC,Jogging Sonic,Jogging Sonic,4-6-8-10-12,1 X TALLE,16990,sku,1.00,si,Jogging Sonic Celeste,85527-celeste,https://magicstore.com.ar/wp-content/uploads/2025/01/magik-2304920-1.jpg,"Este jogging celeste es el equilibrio perfecto entre estilo y comodidad, inspirado en el icónico personaje de Sonic. Su diseño moderno destaca por un tono vibrante de azul celeste que evoca la velocidad y la energía del erizo más rápido del mundo. Hecho de una mezcla de materiales suaves y elásticos, ofrece una sensación cómoda y ligera, ideal para cualquier actividad física o un look casual y relajado.",37500,https://magicstore.com.ar/jogging-sonic-celeste/
85528,SONIC,Pijama ML Sonic,Pijama ML Sonic,4-6-8-10-12,1-2-2-2-1,12990,fuzzy,0.67,si,Pijama Sonic Gamuza,85529-celeste,https://magicstore.com.ar/wp-content/uploads/2025/02/85529-completo.jpg,"¡Prepárate para una noche llena de velocidad y diversión con el Pijama Sonic: Anillos de Velocidad! Inspirado en el legendario erizo azul, este pijama presenta un diseño dinámico con Sonic y sus icónicos anillos dorados. Confeccionado en materiales suaves y cómodos, es ideal para descansar después de un día de aventuras. Perfecto para los pequeños fanáticos de Sonic the Hedgehog que quieren soñar con recorrer Green Hill Zone a toda velocidad. ¡Corre, salta y atrapa los anillos en cada aventura nocturna!",47999,https://magicstore.com.ar/pijama-sonic-plush/
85529,SONIC,Pijama ML Sonic,Pijama ML Sonic,4-6-8-10-12,1-2-2-2-1,19990,sku,1.00,si,Pijama Sonic Gamuza,85529-celeste,https://magicstore.com.ar/wp-content/uploads/2025/02/85529-completo.jpg,"¡Prepárate para una noche llena de velocidad y diversión con el Pijama Sonic: Anillos de Velocidad! Inspirado en el legendario erizo azul, este pijama presenta un diseño dinámico con Sonic y sus icónicos anillos dorados. Confeccionado en materiales suaves y cómodos, es ideal para descansar después de un día de aventuras. Perfecto para los pequeños fanáticos de Sonic the Hedgehog que quieren soñar con recorrer Green Hill Zone a toda velocidad. ¡Corre, salta y atrapa los anillos en cada aventura nocturna!",47999,https://magicstore.com.ar/pijama-sonic-plush/
85530,SONIC,Buzo CR Sonic,Buzo CR Sonic,4-6-8-10-12,1-2-2-2-1,15990,sku,1.00,si,Buzo de frisa Sonic,85530-azul,https://magicstore.com.ar/wp-content/uploads/2025/01/magik-2305074.jpg,"¡Velocidad y estilo en un solo look! Este buzo de Sonic de frisa es ideal para los días frescos, gracias a su tela suave, abrigada y cómoda. Presenta un estampado de Sonic con detalles en foil, que le aporta un efecto brillante y moderno. Perfecto para los chicos fanáticos del personaje más rápido del mundo de los videojuegos.",35500,https://magicstore.com.ar/buzo-sonic-vibe/
85531,SONIC,Pijama ML Sonic,Pijama ML Sonic,6-8-10,1 X TALLE,14990,fuzzy,0.67,si,Pijama Sonic Gamuza,85529-celeste,https://magicstore.com.ar/wp-content/uploads/2025/02/85529-completo.jpg,"¡Prepárate para una noche llena de velocidad y diversión con el Pijama Sonic: Anillos de Velocidad! Inspirado en el legendario erizo azul, este pijama presenta un diseño dinámico con Sonic y sus icónicos anillos dorados. Confeccionado en materiales suaves y cómodos, es ideal para descansar después de un día de aventuras. Perfecto para los pequeños fanáticos de Sonic the Hedgehog que quieren soñar con recorrer Green Hill Zone a toda velocidad. ¡Corre, salta y atrapa los anillos en cada aventura nocturna!",47999,https://magicstore.com.ar/pijama-sonic-plush/
85536,SONIC,Boxer Sonic,Boxer Sonic,4-6-8-10-12-14,1-2-2-2-2-1,3990,sku,1.00,si,Boxer Sonic The Hedgehog,85536-celeste,https://magicstore.com.ar/wp-content/uploads/2026/02/85536-1.jpg,"Este bóxer de Sonic The Hedgehog está diseñado para los pequeños fanáticos de los videojuegos. Con un estampado vibrante y lleno de energía, combina la diversión del personaje con la comodidad necesaria para el uso diario. Posee costuras reforzadas a la vista en un tono bordó/rojizo en la zona de la bragueta y los ruedos, lo que aporta durabilidad y un detalle de color a contraste. Diseño anatómico tipo bóxer corto para mayor libertad de movimiento. Confeccionado en algodón con elastano, un tejido que permite la respirabilidad de la piel y ofrece la elasticidad necesaria para adaptarse al cuerpo.",9999,https://magicstore.com.ar/boxer-sonic-the-hedgehog/
85542,SONIC,Buzo Capucha Sonic,Buzo Capucha Sonic,4-6-8-10-12-14,1-2-2-2-2-1,22990,sku,1.00,si,Buzo con Capucha Sonic,85542-gris,https://magicstore.com.ar/wp-content/uploads/2026/02/855421.jpeg,"¡Estilo gamer con un toque minimalista! Este buzo con capucha de Sonic se aleja de las estampas tradicionales para ofrecer un diseño de «Line Art» (arte de línea) mucho más moderno y urbano. En un color azul petróleo súper combinable, es la prenda perfecta para los fanáticos que quieren lucir a su personaje favorito con un look actual. Fabricado en frisa de algodón abrigada y suave. Puños y cintura de rib elástico ancho al tono para un ajuste cómodo.",50999,https://magicstore.com.ar/buzo-con-capucha-sonic-2/
85553,SONIC,Jogging Sonic,Jogging Sonic,4-6-8-10-12-14,1-2-2-2-2-1,19990,sku,1.00,si,Jogging frisa sonic,85553-azul-francia,https://magicstore.com.ar/wp-content/uploads/2026/02/85553.png,"¡La máxima comodidad para que nada detenga su velocidad! Este jogger es la combinación perfecta de deporte y estilo gamer. Diseño Dinámico: En un vibrante color azul Francia, destaca una estampa lateral de Sonic en plena acción junto al logo clásico de «Sonic the Hedgehog». Ajuste Personalizado: Cuenta con cintura elástica y cordones de ajuste en color rojo a contratono, brindando un soporte seguro y un toque de color extra. Detalles Funcionales: Incluye prácticos bolsillos laterales y puños de rib elástico en los tobillos para un calce moderno que se mantiene en su lugar mientras juegan. Calidad y Suavidad: Confeccionado con materiales suaves que garantizan libertad de movimiento y abrigo durante todo el día. 🌟 Producto 100% Original: Calidad garantizada bajo licencia oficial de SEGA.",43999,https://magicstore.com.ar/jogging-frisa-sonic/
85554,SONIC,Pijama ML Sonic,Pijama ML Sonic,4-6-8-10-12-14,1-2-2-2-2-1,19990,fuzzy,0.67,si,Pijama Sonic Gamuza,85529-celeste,https://magicstore.com.ar/wp-content/uploads/2025/02/85529-completo.jpg,"¡Prepárate para una noche llena de velocidad y diversión con el Pijama Sonic: Anillos de Velocidad! Inspirado en el legendario erizo azul, este pijama presenta un diseño dinámico con Sonic y sus icónicos anillos dorados. Confeccionado en materiales suaves y cómodos, es ideal para descansar después de un día de aventuras. Perfecto para los pequeños fanáticos de Sonic the Hedgehog que quieren soñar con recorrer Green Hill Zone a toda velocidad. ¡Corre, salta y atrapa los anillos en cada aventura nocturna!",47999,https://magicstore.com.ar/pijama-sonic-plush/
85555,SONIC,Remera ML Sonic,Remera ML Sonic,4-6-8-10-12-14,1-2-2-2-2-1,11990,sku,1.00,si,Remera manga larga Sonic &#038; Tails,85555-beige,https://magicstore.com.ar/wp-content/uploads/2026/02/855551.jpeg,"¡Velocidad y amistad en un diseño único inspirado en la estética original japonesa! Diseño de Impacto: El frente presenta una estampa minimalista de Sonic con tipografía japonesa. La espalda sorprende con una ilustración a gran escala de Sonic y Tails corriendo juntos sobre un fondo cuadriculado, acompañada de textos en japonés y la leyenda «Sonic & Tails». Color Versátil: Confeccionada en un tono crema suave (beige claro) que resalta los colores vibrantes de la estampa. Confort y Calce: Remera de manga larga con cuello redondo y puños de rib elástico para un ajuste cómodo y duradero. Calidad: Elaborada en algodón suave de alta calidad, ideal para el uso cotidiano. 🌟 Producto 100% Original: Calidad garantizada bajo licencia oficial de SEGA.",28999,https://magicstore.com.ar/remera-manga-larga-sonic-tails/
85556,SONIC,Remera ML Sonic,Remera ML Sonic,4-6-8-10-12,1-2-2-2-1,11990,fuzzy,1.00,si,Remera Sonic,85517%gris,https://magicstore.com.ar/wp-content/uploads/2025/01/magik-2304820.jpg,"¡Sonic no solo es rápido, también tiene actitud! Esta remera captura al erizo más famoso del mundo en su pose más desafiante: con los brazos cruzados, demostrando que está listo para cualquier desafío. Con un diseño lleno de energía y estilo, esta camiseta es perfecta para quienes adoran al Sonic más audaz y seguro de sí mismo. Hecha con materiales suaves y cómodos, es ideal para lucir tu pasión por el universo de Sonic con un toque único y fresco. ¡Póntela y demuestra que, al igual que Sonic, tú también puedes ir a toda velocidad con confianza!",26500,https://magicstore.com.ar/remera-sonic-2/
87009,DC,Remera ML DC,Remera ML DC,2-4-6-8-10-12-14,1 X TALLE,9990,sku,1.00,si,Remera Superman,87009%azul,https://magicstore.com.ar/wp-content/uploads/2025/02/119.webp,"Remera de algodón con sobre manga y bordador combinados, estampada con un efecto gastado. Confeccionada en material suave y cómodo, ideal para un look moderno y casual. Diseño único y estilizado, perfecto para un estilo relajado y auténtico.",23999,https://magicstore.com.ar/remera-superman/
87010,DC,Pijama ML DC,Pijama ML DC,2-4-6-8-10-12-14,1-2-2-2-1-1-1,14990,sku,1.00,si,Pijama Batman,87010-negro,https://magicstore.com.ar/wp-content/uploads/2025/02/87010-completo.jpg,"¡Prepárate para una noche llena de aventuras con el Pijama Batman! Con un diseño inspirado en el Caballero de la Noche, este pijama es perfecto para los pequeños héroes que sueñan con proteger Gotham City. Confeccionado en materiales suaves y cómodos, brinda el ajuste ideal para un descanso placentero. Su diseño incluye detalles icónicos de Batman, ideal para los fanáticos del murciélago. ¡Porque incluso los superhéroes necesitan una buena noche de sueño!",35999,https://magicstore.com.ar/pijama-batman/
87011,DC,Pijama ML Dc,Pijama ML Dc,2-4-6-8-10-12-14,1-2-2-2-1-1-1,19990,sku,1.00,si,Pijama Superman Con Capa,87011%unico,https://magicstore.com.ar/wp-content/uploads/2025/02/87011-completo.jpg,"¡Duerme como un verdadero superhéroe con el Pijama Disfraz Superman! Este increíble diseño incluye una capa desmontable para que los pequeños fanáticos del Hombre de Acero se sientan listos para la acción, incluso a la hora de dormir. Confeccionado con materiales suaves y cómodos, garantiza un descanso placentero mientras sueñan con salvar el mundo. Perfecto para jugar, descansar y vivir aventuras al mejor estilo de Superman. ¡Porque los héroes también necesitan dormir!",47999,https://magicstore.com.ar/pijama-superman-con-capa/
87012,DC,Jogging DC,Jogging DC,2-4-6-8-10-12-14,1-2-2-2-1-1-1,16990,sku,1.00,si,Jogging Frisa Batman,87012%azul,https://magicstore.com.ar/wp-content/uploads/2025/02/Magic_Jogging-Frisa-Batman.webp,"¡Corre, salta y juega con el estilo del Caballero de la Noche! El Jogging Batman combina comodidad y diseño inspirado en el héroe de Gotham City. Confeccionado en materiales suaves y resistentes, ofrece un ajuste perfecto para el día a día, brindando libertad de movimiento y un look urbano increíble. Ideal para los pequeños fanáticos de Batman que quieren llevar su pasión a cada aventura. ¡Porque ser un héroe también es cuestión de estilo!",37500,https://magicstore.com.ar/jogging-frisa-batman/
87014,DC,Buzo Capucha DC,Buzo Capucha DC,2-4-6-8-10-12-14,1 X TALLE,21990,sku,1.00,si,Buzo Superman,87014%gris,https://magicstore.com.ar/wp-content/uploads/2025/02/759.webp,"Buzo canguro con capucha forrada ajustable y doble estampa. Confeccionado en material suave y abrigado, ideal para el día a día. Diseño moderno y cómodo, perfecto para un look casual con un toque único.",48500,https://magicstore.com.ar/buzo-superman/
87016,DC,Campera DC,Campera DC,2-4-6-8-10-12-14,1-2-2-2-1-1-1,22500,sku,1.00,si,Campera DC Legends,87016%gris,https://magicstore.com.ar/wp-content/uploads/2025/02/DC-ART.-87016-FTE.webp,"¡Lleva el estilo del Caballero de la Noche con la Campera Batman! Diseñada para los verdaderos fanáticos del héroe de Gotham City, esta campera combina un look urbano con detalles icónicos del murciélago más famoso de DC. Confeccionada en materiales resistentes y cómodos, brinda abrigo y libertad de movimiento para cualquier aventura. Perfecta para el día a día o para completar un look heroico, ¡porque con Batman, la acción nunca se detiene!",49500,https://magicstore.com.ar/campera-dc-legends/
87019,DC,Pijama ML DC,Pijama ML DC,2-4-6-8-10-12-14,1-2-2-2-1-1-1,14990,sku,1.00,si,Pijama Liga de la justicia DC Comics,87019%gris,https://magicstore.com.ar/wp-content/uploads/2025/02/87019-completo.webp,"¡Prepárate para una noche llena de acción y aventuras con este pijama de Batman y Superman! Con un diseño increíble que combina a los dos superhéroes más poderosos, este conjunto es perfecto para los pequeños fanáticos que quieren dormir como verdaderos héroes. Con el logo de Batman y Superman en el pecho y detalles que los hacen brillar, este pijama es tan cómodo como emocionante. Hecho con materiales suaves y agradables al tacto, es ideal para descansar después de un día lleno de juegos y fantasías. ¡Que el poder de Batman y Superman te acompañe en cada sueño!",35999,https://magicstore.com.ar/pijama-dc-comics/
87020,DC,Pijama ML Dc,,,,,sku,1.00,si,Pijama Disfraz Batman,87020%negro,https://magicstore.com.ar/wp-content/uploads/2025/02/87020-completo.jpg,"¡Duerme como un verdadero héroe con el Pijama Batman! Con un diseño inspirado en el Caballero de la Noche, este pijama es perfecto para los fanáticos de Gotham. Hecho con materiales suaves y cómodos, brinda la máxima comodidad para un descanso lleno de aventuras. Su diseño presenta detalles icónicos del murciélago más famoso de DC, ideal para quienes quieren soñar con salvar la ciudad. ¡Prepárate para la acción incluso en la hora de dormir!",39900,https://magicstore.com.ar/pijama-disfraz-batman/
87025,DC,Boxer Dc,Boxer Dc,4-6-8-10-12,2-2-2-1-1,3990,sku,1.00,si,Boxer batman,87025,https://magicstore.com.ar/wp-content/uploads/2026/02/87025-2.jpeg,Comodidad y estilo heroico para todos los días. Diseño Dinámico: Estampado all-over con logos y frases del Caballero de la Noche sobre un fondo azul vibrante. Ajuste Perfecto: Cintura elástica negra con el logo de Batman repetido en amarillo para mayor soporte y estilo. Máximo Confort: Confeccionado en tela suave y flexible que acompaña todos sus movimientos con total libertad. 🌟 Producto 100% Original: Calidad garantizada con Licencia Oficial DC Comics.,9999,https://magicstore.com.ar/boxer-batman-2/
87039,DC,Boxer DC,Boxer DC,4-6-8-10-12-14,2-2-2-2-1-1,3990,sku,1.00,si,Boxer dc blanco para niños – DC,87039-blanco,https://magicstore.com.ar/wp-content/uploads/2025/07/boxer-superman.webp,"Boxer dc blanco para niños – DC. Inspirada en Dc, disfruta de una prenda que combina estilo y comodidad, confeccionada en Algodón Lycra de alta calidad, disponible en talles 4-6-8-10-12-14. Perfecta para destacar en cada ocasión y acompañar tus aventuras diarias. ¡Hazla tuya y renueva tu look con diversión y versatilidad!",9999,https://magicstore.com.ar/boxer-dc-blanco-para-ninos-dc/
87040,DC,Boxer DC,Boxer DC,4-6-8-10-12-14,2-2-2-2-1-1,3990,sku,1.00,si,Boxer dc marino para niños – DC,87040-marino,,"Boxer dc marino para niños – DC. Inspirada en Dc, disfruta de una prenda que combina estilo y comodidad, confeccionada en Algodón Lycra de alta calidad, disponible en talles 4-6-8-10-12-14. Perfecta para destacar en cada ocasión y acompañar tus aventuras diarias. ¡Hazla tuya y renueva tu look con diversión y versatilidad!",0,https://magicstore.com.ar/boxer-dc-marino-para-ninos-dc/
87044,DC,Buzo capucha Dc,Buzo capucha Dc,2-4-6-8-10-12-14,1-2-2-2-1-1-1,23990,sku,1.00,si,Buzo Hoodie Batman,87044-negro,https://magicstore.com.ar/wp-content/uploads/2026/02/buzo-2.jpg,"Un diseño urbano con estética técnica, ideal para los pequeños protectores de Gotham. Diseño de Impacto: El frente presenta el logo clásico de Batman sobre una cuadrícula amarilla, acompañado por la leyenda «Gotham City». Dorso Detallado: La espalda destaca con un gráfico de estilo técnico que incluye un Batman en wireframe (malla), datos «tecnológicos» y el nombre del héroe en vertical. Confort y Abrigo: Cuenta con capucha forrada y un práctico bolsillo canguro frontal para mantener las manos protegidas. Calce Perfecto: Puños y cintura en rib elástico que aseguran un ajuste cómodo y duradero. 🌟 Producto 100% Original: Calidad garantizada bajo licencia oficial de DC Comics.",52999,https://magicstore.com.ar/buzo-hoodie-batman/
87045,DC,Buzo Dc,Buzo Dc,2-4-6-8-10-12-14,1-2-2-2-1-1-1,17990,sku,1.00,si,Buzo cuello redondo Batman &#038; Superman,87045-gris,https://magicstore.com.ar/wp-content/uploads/2026/02/111-1.jpg,"¡El dúo dinámico de la justicia en una sola prenda! Un buzo cómodo y con estilo para los pequeños fanáticos de los superhéroes. Diseño Heroico: Destaca una estampa frontal de estilo cómic con Batman y Superman juntos, acompañados por el clásico logo del Caballero de la Noche. Variedad de Colores: Disponible en dos tonos versátiles: Gris Melange y Azul Petróleo. Confort Diario: Confeccionado con cuello redondo y terminaciones en rib elástico en puños y cintura para un ajuste perfecto y mayor abrigo. 🌟 Producto 100% Original: Calidad garantizada bajo licencia oficial de DC Comics.",39999,https://magicstore.com.ar/buzo-cuello-redondo-batman-superman-2/
87046,DC,Campera Dc,Campera Dc,2-4-6-8-10-12-14,1-2-2-2-1-1-1,24990,sku,1.00,si,Campera Hoodie Batman,87046-negro,https://magicstore.com.ar/wp-content/uploads/2026/02/87046.jpg,"Un abrigo versátil y urbano, esencial para los fans del Caballero de la Noche. Diseño Funcional: Campera de color negro con cierre frontal completo y capucha ajustable con cordones blancos. Detalles Icónicos: Incluye el nombre «BATMAN» estampado verticalmente en la manga y un gráfico del personaje en el pecho, ambos en contraste blanco. Confort y Calce: Cuenta con bolsillos laterales y terminaciones en rib elástico en puños y cintura para un mejor ajuste y abrigo. 🌟 Producto 100% Original: Calidad garantizada bajo licencia oficial de DC Comics.",54999,https://magicstore.com.ar/campera-hoodie-batman/
87047,DC,Jogging Dc,Jogging Dc,2-4-6-8-10-12-14,1-2-2-2-1-1-1,19990,sku,1.00,si,Jogging frisa batman,87047-gris,https://magicstore.com.ar/wp-content/uploads/2026/02/870471.jpeg,"Comodidad y actitud heroica para el día a día. Un jogger diseñado para acompañar todas sus misiones con el mejor estilo urbano. Diseño de Impacto: En un versátil color beige/tostado, destaca el icónico logo de Batman y el nombre del personaje en tipografía vertical sobre la pierna izquierda. Ajuste a Medida: Cuenta con cintura elástica y un cordón de ajuste funcional en color negro para asegurar máxima comodidad en cada movimiento. Terminaciones Premium: Posee puños de rib elástico en los tobillos que mantienen el calce perfecto y protegen del frío. Practicidad: Incluye bolsillos laterales ideales para el uso diario. 🌟 Producto 100% Original: Calidad y aventura garantizadas con Licencia Oficial DC Comics.",43999,https://magicstore.com.ar/jogging-frisa-batman-2/
87048,DC,Pijama ML Dc,Pijama ML Dc,2-4-6-8-10-12-14,1-2-2-2-1-1-1,19990,sku,1.00,si,Pijama Batman,87048-azul,https://magicstore.com.ar/wp-content/uploads/2026/02/5555-1.jpg,"¡Aventuras nocturnas en Ciudad Gótica! Este pijama de dos piezas trae toda la acción de DC Comics a la hora de dormir. Con un color azul vibrante y gráficos dinámicos, es el conjunto perfecto para que los pequeños superhéroes descansen después de un día de salvar el mundo.",47999,https://magicstore.com.ar/pijama-batman-2/
87050,DC,Remera ML Dc,Remera ML Dc,2-4-6-8-10-12-14,1-2-2-2-1-1-1,10990,sku,1.00,si,Remera Manga Larga Superman,87050-blanco,https://magicstore.com.ar/wp-content/uploads/2026/02/87050-1.jpeg,"¡El Hombre de Acero llega con todo el estilo de los cómics! Una prenda clásica e indispensable para todo pequeño fan. Diseño Icónico: El escudo clásico de Superman destaca con un relleno de collage de viñetas de cómic a todo color. Colores Disponibles: Disponible en Blanco y Azul Marino. Detalle de Confección: Cuenta con costuras decorativas reforzadas a la vista en la parte posterior de los hombros para un look más moderno. Comodidad: Manga larga con puños de rib y confección en algodón suave, ideal para el uso diario. 🌟 Producto 100% Original: Calidad garantizada con licencia oficial de DC Comics.",26500,https://magicstore.com.ar/remera-manga-larga-superman-2/
87051,DC,Remera ML Dc,Remera ML Dc,2-4-6-8-10-12-14,1-2-2-2-1-1-1,10990,sku,1.00,si,remera manga larga batman,87051-gris,https://magicstore.com.ar/wp-content/uploads/2026/02/2020-1.jpg,"¡El diseño más icónico del Caballero de la Noche para los looks diarios! Estilo Vintage: Logo clásico de Batman con un efecto de estampado gastado que le da un toque retro y moderno a la vez. Colores Básicos: Disponible en Negro y Gris Melange, ideal para combinar con cualquier prenda. Máximo Confort: Manga larga de algodón suave y respirable, pensada para la comodidad en cada aventura. 🌟 Producto 100% Original: Calidad garantizada con licencia oficial de DC Comics.",26500,https://magicstore.com.ar/remera-manga-larga-batman-6/
87052,DC,Remera ML Dc,Remera ML Dc,2-4-6-8-10-12-14,1-2-2-2-1-1-1,10990,sku,1.00,si,remera manga larga batman,87052-negro,https://magicstore.com.ar/wp-content/uploads/2026/02/87052-1.jpeg,"¡Acción y estilo en una sola prenda! Ideal para los pequeños que admiran al Caballero de la Noche. Diseño Dinámico: Estampa frontal con Batman en acción, el logo clásico y la leyenda «Forever Batman» con detalles de rayos. Opciones de Color: Disponible en Negro y Blanco, versiones versátiles para cualquier outfit. Confort: Manga larga de algodón suave, perfecta para acompañar sus aventuras diarias con total comodidad. 🌟 Producto 100% Original: Calidad y diseño garantizados con licencia oficial de DC Comics.",26500,https://magicstore.com.ar/remera-manga-larga-batman-4/
87053,DC,Remera ML Dc,Remera ML Dc,2-4-6-8-10-12-14,1-2-2-2-1-1-1,10990,sku,1.00,si,Remera Manga Larga Batman,87053-beige,https://magicstore.com.ar/wp-content/uploads/2026/02/87053-2.jpeg,¡El protector de Gotham llega al placard de los más chicos con un estilo imbatible! Diseño Fake Layer: Estilo urbano con mangas en contraste que simulan el uso de dos prendas superpuestas. Estampa Doble: Frente con el icónico logo amarillo y espalda con un diseño impactante de Batman y la leyenda «Dark Knight». Variedad de Colores: Disponible en Gris con mangas crema y Beige con mangas azul marino. Calidad y Confort: Confeccionada en algodón suave con costuras reforzadas a la vista para mayor durabilidad. 🌟 Producto 100% Original: Garantía de calidad con licencia oficial de DC Comics.,26500,https://magicstore.com.ar/remera-manga-larga-batman-2/
87500,HARRY POTTER,Remera ML Harry Potter,Remera ML Harry Potter,12-14-16,1 X TALLE,10990,sku,1.00,si,Remera de algodón Harry Potter,87500%blanco,https://magicstore.com.ar/wp-content/uploads/2025/03/87500-frente.webp,"Esta remera de algodón de Harry Potter es perfecta para los pequeños magos. Con un estampado detallado en el frente y la espalda, la prenda presenta un diseño exclusivo con detalles en relieve que le dan un toque único y brillante. Hecha de algodón suave, es cómoda y fresca para el día a día, ideal para los fanáticos de la saga mágica.",26500,https://magicstore.com.ar/remera-harry-potter-las-cuatro-casas-2/
87501,HARRY POTTER,Remera ML Harry Potter,Remera ML Harry Potter,8-10-12-14-16,1-1-2-2-2,10990,fuzzy,1.00,si,Remera Harry Potter,87502%rojo,https://magicstore.com.ar/wp-content/uploads/2025/02/87502.webp,"¡Muestra tu magia con esta increíble remera de Harry Potter! Con un diseño único que captura la esencia del mundo mágico, esta camiseta es perfecta para los fanáticos de la famosa saga. Confeccionada en un tejido suave y cómodo, es ideal para llevar en cualquier ocasión, ya sea para un día casual o para mostrar tu amor por Hogwarts. El estampado presenta elementos icónicos como la varita de Harry, el logo de las casas o las reliquias de la muerte, dándole un toque auténtico que te hará sentir parte del mundo mágico. ¡Prepárate para un día lleno de hechizos y aventuras!",23999,https://magicstore.com.ar/remera-harry-potter-2/
87502,HARRY POTTER,Remera ML Harry Potter,Remera ML Harry Potter,8-10-12-14-16,1-1-2-2-2,9990,sku,1.00,si,Remera Harry Potter,87502%rojo,https://magicstore.com.ar/wp-content/uploads/2025/02/87502.webp,"¡Muestra tu magia con esta increíble remera de Harry Potter! Con un diseño único que captura la esencia del mundo mágico, esta camiseta es perfecta para los fanáticos de la famosa saga. Confeccionada en un tejido suave y cómodo, es ideal para llevar en cualquier ocasión, ya sea para un día casual o para mostrar tu amor por Hogwarts. El estampado presenta elementos icónicos como la varita de Harry, el logo de las casas o las reliquias de la muerte, dándole un toque auténtico que te hará sentir parte del mundo mágico. ¡Prepárate para un día lleno de hechizos y aventuras!",23999,https://magicstore.com.ar/remera-harry-potter-2/
87503,HARRY POTTER,Buzo capucha Harry potter,Buzo capucha Harry potter,8-10-12-14-16,1-1-2-2-2,29990,sku,1.00,si,Buzo Harry Potter Hogwarts,87503ige,https://magicstore.com.ar/wp-content/uploads/2025/02/247-scaled.jpg,"Buzo canguro de frisa con capucha ajustable forrada. Mangas, bolsillo y capucha combinados en un diseño único. Estampa en el frente y manga, brindando un toque moderno y estilizado. Confeccionado en material suave y abrigado, ideal para un look casual y cómodo.",65999,https://magicstore.com.ar/buzo-harry-potter-hogwarts/
87504,HARRY POTTER,Pijama ML Harry Potter,Pijama ML Harry Potter,8-10-12-14-16,1-1-2-2-2,16990,fuzzy,1.00,si,Pijama Harry Potter,87506%blanco,https://magicstore.com.ar/wp-content/uploads/2025/02/87506-completo-1.jpg,"¡Sumérgete en el mundo mágico de Harry Potter incluso mientras duermes! Este pijama está inspirado en el icónico universo de Hogwarts y es perfecto para todos los fanáticos de la saga. Confeccionado con materiales suaves y cómodos, garantiza un descanso cómodo mientras sueñas con aventuras mágicas. Ya sea para relajarte o dormir como un verdadero mago, este pijama te transportará a la escuela de magia más famosa. ¡Prepara tu varita y prepárate para una noche mágica!",35999,https://magicstore.com.ar/pijama-harry-potter/
87505,HARRY POTTER,Remera ML Harry Potter,Remera ML Harry Potter,8-10,1 X TALLE,9990,sku,1.00,si,Remera Magic Harry Potter,87505%Blanco,https://magicstore.com.ar/wp-content/uploads/2025/01/magik-2304790.jpg,"¡Muestra tu magia con esta increíble remera de Harry Potter! Con un diseño único que captura la esencia del mundo mágico, esta camiseta es perfecta para los fanáticos de la famosa saga. Confeccionada en un tejido suave y cómodo, es ideal para llevar en cualquier ocasión, ya sea para un día casual o para mostrar tu amor por Hogwarts. El estampado presenta elementos icónicos como la varita de Harry, el logo de las casas o las reliquias de la muerte, dándole un toque auténtico que te hará sentir parte del mundo mágico. ¡Prepárate para un día lleno de hechizos y aventuras!",23999,https://magicstore.com.ar/remera-harry-potter/
87506,HARRY POTTER,Pijama ML Harry Potter,Pijama ML Harry Potter,8-10-12-14-16,1-1-2-2-2,14990,sku,1.00,si,Pijama Harry Potter,87506%blanco,https://magicstore.com.ar/wp-content/uploads/2025/02/87506-completo-1.jpg,"¡Sumérgete en el mundo mágico de Harry Potter incluso mientras duermes! Este pijama está inspirado en el icónico universo de Hogwarts y es perfecto para todos los fanáticos de la saga. Confeccionado con materiales suaves y cómodos, garantiza un descanso cómodo mientras sueñas con aventuras mágicas. Ya sea para relajarte o dormir como un verdadero mago, este pijama te transportará a la escuela de magia más famosa. ¡Prepara tu varita y prepárate para una noche mágica!",35999,https://magicstore.com.ar/pijama-harry-potter/
87515,HARRY POTTER,Buzo capucha Harry potter,Buzo capucha Harry potter,8-10-12-14-16,1-1-2-2-2,24990,sku,1.00,si,Buzo Hoodie Harry Potter,87515-verde,https://magicstore.com.ar/wp-content/uploads/2026/02/hp-1-1.jpg,"¡El viaje a Hogwarts comienza aquí! Este buzo es un esencial para cualquier fan de la saga que busque comodidad y un diseño icónico. Diseño Emblemático: Destaca en el frente el círculo de la Plataforma 9 3/4 con la leyenda «Hogwarts Express» en un estilo vintage. Detalle Mágico: Incluye un pequeño bordado en la manga con la icónica cicatriz de rayo y los anteojos de Harry. Combinaciones de Color: Bordeaux: Con detalles (puños, cintura y forro de capucha) en azul marino. Verde Oscuro: Con detalles en gris melange claro. Funcionalidad: Cuenta con un amplio bolsillo canguro frontal y capucha forrada en color a tono para mayor abrigo. Calidad: Puños y cintura de rib elástico que aseguran un calce perfecto y duradero. 🌟 Producto 100% Original: Calidad garantizada bajo licencia oficial de Harry Potter / Wizarding World.",54999,https://magicstore.com.ar/buzo-hoodie-harry-potter-2/
87517,HARRY POTTER,Buzo Harry potter,Buzo Harry potter,8-10-12-14-16,1-1-2-2-2,29990,sku,1.00,si,Buzo frisa cuello redondo harry potter,87517-gris,https://magicstore.com.ar/wp-content/uploads/2026/02/87517-frente.jpeg,"Un diseño clásico y deportivo para llevar el espíritu de la escuela de magia a todos lados. Diseño Varsity: Buzo en gris melange con modernos paneles laterales en azul marino a lo largo de las mangas. Detalles de Hogwarts: Destaca en el pecho una gran letra «H» en relieve de color bordó junto al escudo oficial del colegio. Sorpresa en la Espalda: En la parte posterior del cuello luce el icónico detalle impreso de los anteojos y la cicatriz de rayo. Confort: Terminaciones en rib elástico en cuello, cintura y puños para un ajuste cómodo y abrigado. 🌟 Producto 100% Original: Calidad garantizada bajo licencia oficial de Harry Potter / Wizarding World.",65999,https://magicstore.com.ar/buzo-frisa-cuello-redondo-harry-potter/
87518,HARRY POTTER,Remera ML Harry potter,Remera ML Harry potter,8-10-12-14-16,1-1-2-2-2,12500,sku,1.00,si,Remera raglan manga larga harry potter,87518-gris/negro,https://magicstore.com.ar/wp-content/uploads/2026/02/875181.jpeg,"¡Prepará a tu pequeño mago para su primer año en Hogwarts! Esta remera estilo raglan combina un diseño clásico con detalles del mundo mágico. Diseño de Doble Vista: El frente destaca al Sombrero Seleccionador con la leyenda «First Year Hogwarts School». El dorso presenta una ilustración detallada de la lista oficial de materiales escolares. Estilo Raglan: Mangas largas en color contraste para un look deportivo y moderno. Variedad de Colores: Disponible en combinaciones Blanco/Negro y Gris/Negro. Calidad: Confeccionada en algodón suave, ideal para el uso diario de magos y brujas. 🌟 Producto 100% Original: Calidad garantizada bajo licencia oficial de Harry Potter / Wizarding World.",29999,https://magicstore.com.ar/remera-raglan-manga-larga-harry-potter-2/
87519,HARRY POTTER,Remera ML Harry potter,Remera ML Harry potter,8-10-12-14-16,1-1-2-2-2,12500,sku,1.00,si,Remera Manga Larga Harry Potter,87519-negro,https://magicstore.com.ar/wp-content/uploads/2026/02/go-1-1.jpg,"¡Llevá la magia del Gran Comedor al guardarropa de tu pequeño mago o bruja! Esta remera es un viaje directo a Hogwarts. Diseño de Colección: Sobre una base de color negro azabache, destaca el logo de «HOGWARTS» junto a los cuatro escudos representativos de las casas: Gryffindor, Slytherin, Hufflepuff y Ravenclaw, cada uno con sus colores y animales emblemáticos. Comodidad y Calidad: Confeccionada en algodón suave y respirable, ideal para el uso diario y aventuras mágicas. Detalles de Calce: Cuenta con cuello redondo y puños en las mangas para un ajuste cómodo que mantiene el calorcito en los brazos. Producto 100% Original: Calidad garantizada bajo licencia oficial de Harry Potter / Wizarding World. 🌟 Estilo Magic: La prenda perfecta para que elijan su casa favorita y luzcan con orgullo su espíritu de Hogwarts.",29999,https://magicstore.com.ar/remera-manga-larga-harry-potter/
87601,WBB,Pijama ML WBB,Pijama ML WBB,2-4-6-8-10-12-14,1 X TALLE,14990,sku,1.00,si,Pijama We Bare Bears,87601leste,https://magicstore.com.ar/wp-content/uploads/2025/02/87601-completo.jpg,"¡Hora de dormir con los osos más divertidos! Este pijama de We Bare Bears es perfecto para los pequeños fanáticos de Pardo, Panda y Polar. Con un diseño adorable y colorido, está confeccionado en tela suave y cómoda para garantizar un descanso lleno de sueños aventureros. Ideal para las noches de maratón de series o simplemente para dormir con el estilo de los osos más tiernos.",35999,https://magicstore.com.ar/pijama-we-bare-bears/
87602,WBB,Pijama ML WBB,Pijama ML WBB,6-8-10-12-14-16,1 X TALLE,14990,sku,1.00,si,Pijama Bears Will Be Bears,87602leste,https://magicstore.com.ar/wp-content/uploads/2025/02/87602-completo.webp,"¡Que no falte la diversión en la hora de dormir con este pijama de Bears Will Be Bears! Este conjunto inspirado en la divertida y entrañable serie presenta a los osos más simpáticos y sus aventuras. Con un diseño divertido y colores vibrantes, el pijama está confeccionado con materiales suaves y cómodos, ideales para asegurar una noche de descanso llena de sueños alegres. La camiseta tiene estampados divertidos de los personajes y los pantalones a juego son perfectos para moverse con libertad. ¡Porque, como bien dice el dicho, ser un oso nunca fue tan divertido!",35999,https://magicstore.com.ar/pijama-bears-will-be-bears-celeste/
87701,BLUEY,Bombacha Bluey,Bombacha Bluey,2-4-6-8,1-2-2-1,2500,slug,1.00,si,Bombacha Bluey,87701-rosa,https://magicstore.com.ar/wp-content/uploads/2025/02/BLUEY-ART.-87701.jpg,"¡Prepárate para una aventura con Bluey! 🐶 Esta bombacha de Bluey es ideal para las pequeñas que adoran las travesuras y juegos de la perrita más divertida. Con un diseño colorido y alegre, presenta a Bluey en su mundo lleno de risas y diversión. Hecha con material suave y cómodo, garantiza libertad de movimiento para que las niñas puedan jugar y disfrutar de cada momento con estilo. 🌟 🎈 ¡Hazla parte de tu día a día con Bluey! Agrégala al carrito ahora.",5999,https://magicstore.com.ar/bombacha-bluey/
87702,BLUEY,BUZO CR BLUEY,BUZO CR BLUEY,2-4-6-8,1-2-2-1,12500,sku,1.00,si,Buzo Frisa Bluey,87702-celeste,https://magicstore.com.ar/wp-content/uploads/2025/06/luey-scaled.webp,"Buzo de frisa con diseño sublimado de Bluey, ideal para los días frescos. Estampa de alta calidad que no se desgasta con los lavados.✔️ Producto oficial✔️ Tela suave, abrigada y cómoda✔️ Terminaciones elastizadas en puños, cuello y cintura✔️ No se deforma ni pierde color Perfecto para los fans de Bluey que buscan abrigo y estilo en una prenda única.",27500,https://magicstore.com.ar/buzo-frisa-bluey/
87703,BLUEY,BUZO CAPUCHA BLUEY,BUZO CAPUCHA BLUEY,2-4-6-8,1-2-2-1,17500,sku,1.00,si,Buzo Canguro Bluey,87703-beige,https://magicstore.com.ar/wp-content/uploads/2025/02/BLUEY-ART.-87703.jpg,"¡Listos para saltar a nuevas aventuras! Esta camperita canguro es perfecta para mantener a los pequeños abrigados con estilo. Con un diseño práctico y moderno, incluye un bolsillo canguro ideal para guardar pequeñas cosas mientras juegan o exploran. Hecha con material suave y cálido, garantiza comodidad y libertad de movimiento para todos esos momentos de diversión. ¡Salta a la aventura con estilo! Agrégala al carrito ahora.",38500,https://magicstore.com.ar/buzo-canguro-bluey/
87704,BLUEY,JOGGING BLUEY,JOGGING BLUEY,2-4-6-8,1-2-2-1,14990,slug,1.00,si,Jogging Bluey,87704%gris,https://magicstore.com.ar/wp-content/uploads/2025/02/87704-scaled.webp,"¡Que la aventura no pare ni un segundo! Este jogging de Bluey es perfecto para las pequeñas que disfrutan de moverse con estilo y comodidad. Con un diseño divertido y colorido que presenta a Bluey, es ideal para juegos, actividades al aire libre o simplemente relajarse. Hecho con material suave y cómodo, garantiza libertad de movimiento para que las niñas puedan correr y saltar todo el día. ¡Prepárate para moverte con Bluey! Consíguelo ahora.",32999,https://magicstore.com.ar/jogging-bluey/
87705,BLUEY,Calza Bluey,Calza Bluey,2-4-6-8,1-2-2-1,7500,slug,1.00,si,Calza Bluey,87705leste,https://magicstore.com.ar/wp-content/uploads/2025/02/BLUEY-ART.-87705.webp,"¡La diversión está en los detalles! Este jogging con mini Blueys es perfecto para las pequeñas que aman a Bluey y sus amigos. Con un diseño único y encantador, lleno de pequeños estampados de Bluey en miniatura, es ideal para mantener la comodidad mientras siguen jugando y explorando. Hecho con material suave y elástico, ofrece total libertad de movimiento para que las niñas puedan saltar y correr con estilo. ¡Haz que las aventuras de Bluey te acompañen en cada paso! Agrégalo al carrito ahora.",17999,https://magicstore.com.ar/calza-bluey/
87706,BLUEY,CAMISON ML BLUEY,CAMISON ML BLUEY,2-4-6-8,1-2-2-1,7500,sku,1.00,si,Camison Bluey,87706-azul,https://magicstore.com.ar/wp-content/uploads/2025/02/87706-bluey-mockup-scaled.jpg,"¡Duerme como Bluey en su mundo lleno de aventuras! Este camisón de Bluey es perfecto para las pequeñas que disfrutan de las travesuras y juegos de su perrita favorita. Con un diseño encantador de Bluey y sus amigos, este camisón es suave, cómodo y ideal para descansar después de un día lleno de diversión. ¡Que cada noche esté llena de sueños mágicos y risas! ¡Haz que Bluey te acompañe mientras duermes! Agrégalo al carrito ahora.",17999,https://magicstore.com.ar/camison-bluey/
87707,BLUEY,CAMPERA BLUEY,CAMPERA BLUEY,2-4-6-8,1-2-2-1,19990,sku,1.00,si,Campera de frisa con capucha Bluey,87707-azul,https://magicstore.com.ar/wp-content/uploads/2026/02/BLUEY-ART.-87707-1.jpg,"Campera urbana azul con capucha, confeccionada en tela de alta calidad que ofrece calidez y resistencia para el uso diario. Diseño moderno con estampa del personaje Bluey y cierre frontal completo, ideal para actividades recreativas y salidas casuales. Su tejido suave y terminaciones elásticas garantizan confort y abrigo durante todo el día. Fácil de combinar y mantener, perfecta para sumar estilo y diversión al guardarropas infantil.",43999,https://magicstore.com.ar/campera-de-frisa-con-capucha-bluey/
87708,BLUEY,PIJAMA ML BLUEY,PIJAMA ML BLUEY,2-4-6-8,1-2-2-1,11990,fuzzy,1.00,si,Pijama Bluey,87710leste,https://magicstore.com.ar/wp-content/uploads/2025/02/BLUEY-ART.-87710.jpg,"¡Diviértete y duerme como una verdadera estrella con este pijama enterizo de Bluey! Con un diseño colorido y alegre inspirado en la famosa perrita de la serie, este conjunto de pijama es perfecto para que los más pequeños disfruten de sus sueños llenos de aventuras. Hecho con materiales suaves y cómodos, ideal para un descanso reparador.",59999,https://magicstore.com.ar/pijama-bluey/
87709,BLUEY,PIJAMA ML BLUEY,PIJAMA ML BLUEY,2-4-6-8,1-2-2-1,11990,sku,1.00,si,Pijama Bluey,87709%rosa,https://magicstore.com.ar/wp-content/uploads/2025/02/87709-completo.jpg,"¡Deja que tu pequeña se sumerja en el mundo de Bluey con este adorable pijama! Con un diseño encantador que muestra a la divertida Bluey y sus amigos, este conjunto es ideal para una noche llena de sueños felices. Hecho con materiales suaves y cómodos, garantizará que tu niña se sienta fresca y a gusto mientras disfruta de su serie favorita. Los colores brillantes y el estilo alegre hacen que este pijama sea perfecto para las fans de Bluey que buscan comodidad y diversión en sus noches de descanso. ¡Haz que cada noche sea una nueva aventura con Bluey!",28999,https://magicstore.com.ar/pijama-bluey-2/
87710,BLUEY,PIJAMA ONESIE ML BLUEY,PIJAMA ONESIE ML BLUEY,2-4-6-8,1-2-2-1,24990,sku,1.00,si,Pijama Bluey,87710leste,https://magicstore.com.ar/wp-content/uploads/2025/02/BLUEY-ART.-87710.jpg,"¡Diviértete y duerme como una verdadera estrella con este pijama enterizo de Bluey! Con un diseño colorido y alegre inspirado en la famosa perrita de la serie, este conjunto de pijama es perfecto para que los más pequeños disfruten de sus sueños llenos de aventuras. Hecho con materiales suaves y cómodos, ideal para un descanso reparador.",59999,https://magicstore.com.ar/pijama-bluey/
87711,BLUEY,Bombacha Bluey,Bombacha Bluey,2-4-6-8,1-2-2-1,2990,slug,1.00,si,Bombacha Bluey,87701-rosa,https://magicstore.com.ar/wp-content/uploads/2025/02/BLUEY-ART.-87701.jpg,"¡Prepárate para una aventura con Bluey! 🐶 Esta bombacha de Bluey es ideal para las pequeñas que adoran las travesuras y juegos de la perrita más divertida. Con un diseño colorido y alegre, presenta a Bluey en su mundo lleno de risas y diversión. Hecha con material suave y cómodo, garantiza libertad de movimiento para que las niñas puedan jugar y disfrutar de cada momento con estilo. 🌟 🎈 ¡Hazla parte de tu día a día con Bluey! Agrégala al carrito ahora.",5999,https://magicstore.com.ar/bombacha-bluey/
87712,BLUEY,REMERAS ML BLUEY,REMERAS ML BLUEY,2-4-6-8,1-2-2-1,9990,sku,1.00,si,Remera Bluey,87712-celeste,https://magicstore.com.ar/wp-content/uploads/2025/02/BLUEY-ART.-87712.jpg,"¡Esta remera de Bluey es todo lo que necesitas para un día lleno de diversión! Con un diseño divertido y colorido, presenta a la adorada perrita Bluey acompañada de la frase &#8216;This is fun&#8217;, perfecta para reflejar el espíritu alegre y aventurero del famoso personaje. Ideal para los pequeños que adoran la serie y quieren llevar un toque de diversión a todas partes. Hecha con materiales suaves y cómodos, esta camiseta es perfecta para cualquier ocasión, ya sea para jugar, descansar o disfrutar de sus episodios favoritos. ¡Haz que el día de tu niño sea aún más especial con esta remera de Bluey!",23999,https://magicstore.com.ar/remera-bluey-3/
87713,BLUEY,REMERAS ML BLUEY,REMERAS ML BLUEY,2-4-6-8,1-2-2-1,9990,sku,1.00,si,Remera Bluey Bingo,87713ige,https://magicstore.com.ar/wp-content/uploads/2025/02/BLUEY-ART.-87713.jpg,"¡La diversión de Bluey y su hermanita Bingo en su remera favorita! Con un diseño alegre y lleno de color, esta prenda es perfecta para los pequeños que adoran las aventuras de estos dos perritos. Hecha de algodón suave y cómodo, es ideal para el día a día, permitiendo total libertad para jugar, correr y explorar.",23999,https://magicstore.com.ar/remera-bluey-bingo/
87714,BLUEY,REMERAS ML BLUEY,REMERAS ML BLUEY,2-4-6-8,1-2-2-1,9990,sku,1.00,si,Remera Bluey,87714ige,https://magicstore.com.ar/wp-content/uploads/2025/02/BLUEY-ART.-87714.jpg,"¡La diversión de Bluey llega al guardarropa! Esta remera es perfecta para los pequeños fans de la encantadora perrita azul. Confeccionada en algodón suave, es ideal para que jueguen y se muevan cómodamente durante todo el día. Su diseño alegre con Bluey y su familia en colores vibrantes la convierte en una prenda divertida y cómoda para cualquier ocasión.",23999,https://magicstore.com.ar/remera-bluey/
87715,BLUEY,REMERAS ML BLUEY,REMERAS ML BLUEY,2-4-6-8,1-2-2-1,9990,sku,1.00,si,Remera Bluey,87715-rosa,https://magicstore.com.ar/wp-content/uploads/2025/02/BLUEY-ART.-87715.jpg,"¡Diversión y estilo en una sola prenda! Esta remera Hooray es perfecta para los peques que aman los colores vibrantes y la comodidad. Confeccionada en tela suave y fresca, garantiza libertad de movimiento para jugar y explorar sin límites. Su diseño alegre y estampado llamativo la convierten en una prenda ideal para el día a día.",23999,https://magicstore.com.ar/remera-bluey-2/
87718,BLUEY,BOXER BLUEY,BOXER BLUEY,2-4-6-8,1-2-2-1,3990,sku,1.00,si,Boxer bluey verde para niños – BBC,87718-verde,,"Boxer bluey verde para niños – BBC. Inspirada en Bluey, disfruta de una prenda que combina estilo y comodidad, confeccionada en Modal de alta calidad, disponible en talles 2-4-6-8. Perfecta para destacar en cada ocasión y acompañar tus aventuras diarias. ¡Hazla tuya y renueva tu look con diversión y versatilidad!",0,https://magicstore.com.ar/boxer-bluey-verde-para-ninos-bbc/
87738,BLUEY,Calza Bluey,Calza Bluey,2-4-6-8,1-2-2-1,9990,slug,1.00,si,Calza Bluey,87705leste,https://magicstore.com.ar/wp-content/uploads/2025/02/BLUEY-ART.-87705.webp,"¡La diversión está en los detalles! Este jogging con mini Blueys es perfecto para las pequeñas que aman a Bluey y sus amigos. Con un diseño único y encantador, lleno de pequeños estampados de Bluey en miniatura, es ideal para mantener la comodidad mientras siguen jugando y explorando. Hecho con material suave y elástico, ofrece total libertad de movimiento para que las niñas puedan saltar y correr con estilo. ¡Haz que las aventuras de Bluey te acompañen en cada paso! Agrégalo al carrito ahora.",17999,https://magicstore.com.ar/calza-bluey/
88016,PAW PATROL,Remera ML Paw patrol,Remera ML Paw patrol,2-4-6-8,1-2-2-1,9990,sku,1.00,si,Remera Chase,88016%azul,https://magicstore.com.ar/wp-content/uploads/2025/01/88016-fre-scaled.jpg,"Esta increíble remera está inspirada en Chase, el valiente pastor alemán de la Paw Patrol, siempre listo para la acción y el rescate. Con un diseño dinámico y colores vibrantes, es perfecta para los pequeños fans de la Patrulla Canina. Confeccionada en tela suave y cómoda, garantiza frescura y libertad de movimiento para jugar y explorar sin límites. ¡Ponte esta remera y prepárate para una misión de héroe junto a Chase!",23999,https://magicstore.com.ar/remera-chase/
88060,PAW PATROL,Remera ML Paw patrol,Remera ML Paw patrol,2-4-6-8,1-2-2-1,9990,sku,1.00,si,Remera Everest Paw Patrol,88060%rojo,https://magicstore.com.ar/wp-content/uploads/2025/01/magik-2304692-1.jpg,"Esta increíble remera está inspirada en Everest, la valiente cachorra de la Paw Patrol experta en rescates en la nieve. Con un diseño lleno de color y detalles divertidos, es perfecta para los pequeños fans de la Patrulla Canina. Confeccionada en tela suave y cómoda, brinda la frescura y libertad de movimiento necesarias para jugar y explorar sin límites. ¡Ideal para quienes aman la nieve, la aventura y la diversión con Everest!",23999,https://magicstore.com.ar/remera-everest-paw-patrol/
88061,PAW PATROL,Remera ML Paw Patrol,Remera ML Paw Patrol,2-4-6-8,1-2-2-1,9990,sku,1.00,si,Remera manga larga paw patrol,88061%Blanco,https://magicstore.com.ar/wp-content/uploads/2025/02/MAGIC_Remera-Adventure-Bay-Awaits.webp,"¡Prepárate para la mejor aventura con la Paw Patrol! 🚓 Este buzo de Paw Patrol con la frase Best Life Adventure es perfecto para los pequeños que siempre están listos para nuevas misiones. Con un diseño divertido y lleno de energía, este buzo de tela suave y cómoda es ideal para mantener a los niños abrigados mientras viven su mejor vida, ¡al estilo de la patrulla canina! 🐶✨ 🚨 ¡Haz de cada día una aventura! Agrégalo al carrito ahora.",23999,https://magicstore.com.ar/remera-manga-larga-paw-patrol/
88062,PAW PATROL,Remera ML Paw Patrol,Remera ML Paw Patrol,2-4-6-8,1-2-2-1,9990,sku,1.00,si,Remera Paw Patrol,88062%Blanco,https://magicstore.com.ar/wp-content/uploads/2025/02/MAGIC_Remera-Kind.webp,"¡Porque cada día es una nueva misión! Este buzo de Paw Patrol con el mensaje Living My Best Life es ideal para los pequeños que viven la vida con actitud y mucha diversión. Con un diseño dinámico y lleno de color, presenta a los cachorros más valientes y un toque de estilo único. Confeccionado en material suave y cálido, es perfecto para acompañar a los niños en sus aventuras diarias. ¡Sigue viviendo lo mejor con Paw Patrol! Consíguelo ahora.",23999,https://magicstore.com.ar/remera-paw-patrol-2/
88063,PAW PATROL,Remera ML Paw Patrol,Remera ML Paw Patrol,2-4-6-8,1-2-2-1,9990,sku,1.00,si,Remera Cool and Kind,88063%rosa,https://magicstore.com.ar/wp-content/uploads/2025/02/MAGIC_Remera-Cool-and-Kind.webp,"¡Vuela alto con Skye! ✨ Esta remera de Skye es perfecta para las pequeñas que sueñan con aventuras y misiones de rescate. Con un diseño encantador de Skye, la perrita piloto más valiente de Paw Patrol, esta prenda es ideal para los días de juegos, exploraciones y mucha diversión. Hecha de tela suave y cómoda, es perfecta para mantener a las pequeñas cómodas mientras siguen sus sueños. 🐶💫 🚁 ¡Lleva a Skye a todas partes! Agrégala al carrito ahora.",23999,https://magicstore.com.ar/remera-cool-and-kind/
88064,PAW PATROL,Remera ML Paw Patrol,Remera ML Paw Patrol,2-4-6-8,1-2-2-1,9990,sku,1.00,si,Remera Skye Paw Patrol,88064%Lila,https://magicstore.com.ar/wp-content/uploads/2025/01/PAW-PATROL-ART.-88064-1.jpg,"Esta adorable remera presenta a Skye, la valiente piloto de la Paw Patrol, lista para despegar en una nueva misión. Con colores vibrantes y un diseño lleno de energía, está confeccionada en tela suave y cómoda, perfecta para acompañar a los pequeños en sus aventuras diarias. Ideal para los fans de Skye y su espíritu intrépido, ¡esta remera hará que cada día sea una aventura en el aire!",23999,https://magicstore.com.ar/remera-skye-paw-patrol/
88065,PAW PATROL,Pijama ML Paw Patrol,Pijama ML Paw Patrol,2-4-6-8,1-2-2-1,14990,sku,1.00,si,Pijama Moon Patrol,88065leste,https://magicstore.com.ar/wp-content/uploads/2025/02/88065-nena-scaled.jpg,"¡Prepárate para una noche llena de aventuras! 🌙 Este pijama de Paw Patrol es perfecto para los pequeños que quieren dormir rodeados de sus cachorros favoritos. Con un diseño divertido que incluye a Chase, Marshall y Rubble, este pijama es suave y cómodo, ideal para descansar después de un día lleno de juegos. ¡Porque las misiones de rescate no terminan ni en sueños! 🐶✨",35999,https://magicstore.com.ar/pijama-moon-patrol/
88066,PAW PATROL,Pijama ML Paw Patrol,Pijama ML Paw Patrol,2-4-6-8,1-2-2-1,11990,sku,1.00,si,Pijama Sueños de Aventura,88066%blanco,https://magicstore.com.ar/wp-content/uploads/2025/02/88066-completo.jpg,"¡Que la patrulla te acompañe hasta en los sueños! Este pijama de Paw Patrol es ideal para los pequeños que aman las misiones y la acción. Con un diseño colorido que presenta a los cachorros más valientes, es perfecto para dormir cómodos y listos para su próxima gran aventura. Hecho de tela suave y ligera, garantiza comodidad durante toda la noche.",28999,https://magicstore.com.ar/pijama-suenos-de-aventura/
88068,PAW PATROL,Pijama Onesie ML Paw Patrol,Pijama Onesie ML Paw Patrol,2-4-6-8,1-2-2-1,24990,sku,1.00,si,Pijama Paw Patrol,88068leste,https://magicstore.com.ar/wp-content/uploads/2025/01/magic-205-1.jpg,"Este adorable pijama de Paw Patrol es perfecto para que los pequeños héroes descansen cómodos y con estilo. Confeccionado en tela suave y transpirable, ofrece una sensación ligera y acogedora para una noche de sueño placentera. Su divertido diseño con los cachorros favoritos de la Patrulla Canina hará que la hora de dormir sea aún más emocionante. ¡Prepárate para soñar con grandes aventuras junto a Chase, Marshall, Skye y el resto del equipo!",59999,https://magicstore.com.ar/pijama-paw-patrol-3/
88069,PAW PATROL,Camison ML Paw Patrol,Camison ML Paw Patrol,2-4-6-8,1-2-2-1,7500,sku,1.00,si,Camison Paw Patrol,88069%naranja,https://magicstore.com.ar/wp-content/uploads/2025/01/magic-277.jpg,"Camisón adorable inspirado en Skye de Paw Patrol, perfecto para las pequeñas aventureras. Confeccionado en tela suave y ligera, brinda comodidad y frescura para un descanso placentero. Su diseño en color rosa con estampado de Skye añade un toque tierno y divertido. ¡Ideal para dormir con estilo y soñando con grandes misiones!",17999,https://magicstore.com.ar/camison-paw-patrol/
88070,PAW PATROL,Buzo CR Paw Patrol,Buzo CR Paw Patrol,2-4-6-8,1-2-2-1,14990,fuzzy,1.00,si,Buzo Paw Patrol,88083%azul,https://magicstore.com.ar/wp-content/uploads/2025/01/88083.png,"Buzo azul para niño con un diseño increíble de Paw Patrol, featuring a sus tres personajes favoritos: Chase, Rubble y Marshall. Confeccionado en material suave y cómodo, es perfecto para mantener a los pequeños abrigados y con estilo. Ideal para los fanáticos de la patrulla canina que buscan un look divertido y lleno de acción. ¡Perfecto para aventuras diarias y momentos de juego!",27500,https://magicstore.com.ar/buzo-paw-patrol/
88071,PAW PATROL,Buzo CR Paw Patrol,Buzo CR Paw Patrol,2-4-6-8,1-2-2-1,17500,fuzzy,1.00,si,Buzo Paw Patrol,88083%azul,https://magicstore.com.ar/wp-content/uploads/2025/01/88083.png,"Buzo azul para niño con un diseño increíble de Paw Patrol, featuring a sus tres personajes favoritos: Chase, Rubble y Marshall. Confeccionado en material suave y cómodo, es perfecto para mantener a los pequeños abrigados y con estilo. Ideal para los fanáticos de la patrulla canina que buscan un look divertido y lleno de acción. ¡Perfecto para aventuras diarias y momentos de juego!",27500,https://magicstore.com.ar/buzo-paw-patrol/
88072,PAW PATROL,Buzo Capucha Paw Patrol,Buzo Capucha Paw Patrol,2-4-6-8,1-2-2-1,19990,sku,1.00,si,Buzo Paw Patrol «Puppy Ears»,88072%rojo,https://magicstore.com.ar/wp-content/uploads/2025/02/PAW-PATROL-ART.-88072-FTE-1.jpg,"¡Un toque de ternura y aventura en cada momento! Este buzo de Paw Patrol con orejitas es perfecto para mantener a los pequeños abrigados y listos para la acción. Con un diseño adorable que incluye detalles de los cachorros más valientes y unas divertidas orejitas, este buzo es suave, cómodo y lleno de estilo. Ideal para días frescos de juegos, misiones y mucho más. 🐾✨ 🚨 ¡Con orejitas y todo el espíritu de Paw Patrol! Agrégalo al carrito ahora.",43999,https://magicstore.com.ar/buzo-paw-patrol-puppy-ears/
88073,PAW PATROL,Campera Paw Patrol,Campera Paw Patrol,2-4-6-8,1-2-2-1,14990,sku,1.00,si,Campera Paw Patrol con Orejitas,88073%Rosa,https://magicstore.com.ar/wp-content/uploads/2025/02/1.jpg,"Campera de abrigo para niña en color rosa, inspirada en Paw Patrol. Su diseño encantador incluye orejitas en la capucha, agregando un toque divertido y adorable. Fabricada en tela suave y abrigada, es perfecta para los días fríos, brindando comodidad y protección. ¡Ideal para las pequeñas fans de la patrulla canina!",32999,https://magicstore.com.ar/campera-paw-patrol-con-orejitas/
88074,PAW PATROL,Calza Paw Patrol,Calza Paw Patrol,2-4-6-8,1-2-2-1,7500,slug,1.00,si,Calza Paw Patrol,88075-Naranja,https://magicstore.com.ar/wp-content/uploads/2025/02/magik-2304997.webp,"Calza rosa para niña inspirada en Skye de Paw Patrol. Confeccionada en material elástico y cómodo, permite total libertad de movimiento para jugar y estar activa todo el día. Su diseño con un estampado de Skye en la parte superior agrega un toque divertido y lleno de energía. ¡Perfecta para las pequeñas fanáticas de la patrulla canina!",17999,https://magicstore.com.ar/calza-paw-patrol/
88075,PAW PATROL,Calza Paw Patrol,Calza Paw Patrol,2-4-6-8,1-2-2-1,7500,slug,1.00,si,Calza Paw Patrol,88075-Naranja,https://magicstore.com.ar/wp-content/uploads/2025/02/magik-2304997.webp,"Calza rosa para niña inspirada en Skye de Paw Patrol. Confeccionada en material elástico y cómodo, permite total libertad de movimiento para jugar y estar activa todo el día. Su diseño con un estampado de Skye en la parte superior agrega un toque divertido y lleno de energía. ¡Perfecta para las pequeñas fanáticas de la patrulla canina!",17999,https://magicstore.com.ar/calza-paw-patrol/
88077,PAW PATROL,Campera Abrigo Paw Patrol,Campera Abrigo Paw Patrol,2-4-6-8,1-2-2-1,44990,slug,1.00,si,Campera Abrigo Paw Patrol,88078leste,https://magicstore.com.ar/wp-content/uploads/2025/01/magik-2305081.jpg,"Campera de siré sublimado con capucha fija, forrada con piel. Esta campera combina estilo y funcionalidad, confeccionada en siré sublimado que garantiza un diseño vibrante y resistente. Su capucha fija brinda mayor protección, mientras que el forro de piel mantiene el calor, proporcionando comodidad y abrigo durante los días fríos. Ideal para los más pequeños, combinando confort y un toque moderno en su look.",60000,https://magicstore.com.ar/campera-abrigo-paw-patrol/
88078,PAW PATROL,Campera Abrigo Paw Patrol,Campera Abrigo Paw Patrol,2-4-6-8,1-2-2-1,44990,slug,1.00,si,Campera Abrigo Paw Patrol,88078leste,https://magicstore.com.ar/wp-content/uploads/2025/01/magik-2305081.jpg,"Campera de siré sublimado con capucha fija, forrada con piel. Esta campera combina estilo y funcionalidad, confeccionada en siré sublimado que garantiza un diseño vibrante y resistente. Su capucha fija brinda mayor protección, mientras que el forro de piel mantiene el calor, proporcionando comodidad y abrigo durante los días fríos. Ideal para los más pequeños, combinando confort y un toque moderno en su look.",60000,https://magicstore.com.ar/campera-abrigo-paw-patrol/
88079,PAW PATROL,Jogging Paw Patrol,Jogging Paw Patrol,2-4-6-8,1-2-2-1,14990,slug,1.00,si,Jogging Paw Patrol,88091-verde,https://magicstore.com.ar/wp-content/uploads/2025/02/magic_Jogging-Paw-Patrol.webp,"Este increíble jogging de Paw Patrol es perfecto para que los pequeños se sientan cómodos y listos para cualquier aventura, ya sea en casa o al aire libre. Con un diseño divertido de los cachorros favoritos, como Chase y Marshall, y confeccionado en tela suave y elástica, este jogging ofrece libertad de movimiento en todo momento. Su ajuste cómodo y práctico con cintura elástica y puños ajustados lo hace ideal para jugar, correr o relajarse. ¡Un toque de acción y diversión que nunca pasa desapercibido!",32999,https://magicstore.com.ar/jogging-paw-patrol/
88081,PAW PATROL,Bombacha Paw Patrol,Bombacha Paw Patrol,2-4-6-8,1-2-2-1,2500,fuzzy,0.50,si,Jogging Paw Patrol,88091leste,https://magicstore.com.ar/wp-content/uploads/2025/05/joggings.png,"Este increíble jogging de Paw Patrol es perfecto para que los pequeños se sientan cómodos y listos para cualquier aventura, ya sea en casa o al aire libre. Con un diseño divertido de los cachorros favoritos, como Chase y Marshall, y confeccionado en tela suave y elástica, este jogging ofrece libertad de movimiento en todo momento. Su ajuste cómodo y práctico con cintura elástica y puños ajustados lo hace ideal para jugar, correr o relajarse. ¡Un toque de acción y diversión que nunca pasa desapercibido!",32999,https://magicstore.com.ar/jogging-paw-patrol-2/
88083,PAW PATROL,Buzo CR Paw Patrol,Buzo CR Paw Patrol,2-4-6-8,1-2-2-1,12500,sku,1.00,si,Buzo Paw Patrol,88083%azul,https://magicstore.com.ar/wp-content/uploads/2025/01/88083.png,"Buzo azul para niño con un diseño increíble de Paw Patrol, featuring a sus tres personajes favoritos: Chase, Rubble y Marshall. Confeccionado en material suave y cómodo, es perfecto para mantener a los pequeños abrigados y con estilo. Ideal para los fanáticos de la patrulla canina que buscan un look divertido y lleno de acción. ¡Perfecto para aventuras diarias y momentos de juego!",27500,https://magicstore.com.ar/buzo-paw-patrol/
88085,PAW PATROL,Buzo Capucha Paw Patrol,Buzo Capucha Paw Patrol,2-4-6-8,1-2-2-1,19990,sku,1.00,si,Buzo Soft Paw,88085%rosa,https://magicstore.com.ar/wp-content/uploads/2025/01/88085-MOCKUPS-scaled.jpg,"Buzo rosa suave y abrigado para niña, con un toque especial: peluche en la capucha para mayor comodidad y calidez. Su diseño tierno y divertido, inspirado en Paw Patrol, combina estilo y confort, ideal para los días frescos. ¡Perfecto para mantener a las pequeñas cómodas y a la moda mientras disfrutan de sus aventuras!",43999,https://magicstore.com.ar/buzo-soft-paw/
88086,PAW PATROL,Jogging Paw Patrol,Jogging Paw Patrol,2-4-6-8,1-2-2-1,14990,slug,1.00,si,Jogging Paw Patrol,88091-verde,https://magicstore.com.ar/wp-content/uploads/2025/02/magic_Jogging-Paw-Patrol.webp,"Este increíble jogging de Paw Patrol es perfecto para que los pequeños se sientan cómodos y listos para cualquier aventura, ya sea en casa o al aire libre. Con un diseño divertido de los cachorros favoritos, como Chase y Marshall, y confeccionado en tela suave y elástica, este jogging ofrece libertad de movimiento en todo momento. Su ajuste cómodo y práctico con cintura elástica y puños ajustados lo hace ideal para jugar, correr o relajarse. ¡Un toque de acción y diversión que nunca pasa desapercibido!",32999,https://magicstore.com.ar/jogging-paw-patrol/
88087,PAW PATROL,Pijama ML Paw Patrol,Pijama ML Paw Patrol,2-4-6-8,1-2-2-1,19990,sku,1.00,si,Pijama Dulces Sueños,88087%rosa,https://magicstore.com.ar/wp-content/uploads/2025/02/88087-completo.jpg,"¡Que cada noche esté llena de aventuras! 🌙 Este pijama de Paw Patrol para niñas es perfecto para los pequeños héroes que aman a los cachorros más tiernos y valientes. Con un diseño adorable de Skye y sus amigos, este pijama es suave y cómodo, ideal para descansar y soñar con misiones de rescate. ¡Con Paw Patrol, los sueños siempre son divertidos! 🐶💤",47999,https://magicstore.com.ar/pijama-dulces-suenos/
88088,PAW PATROL,Remera ML Paw Patrol,Remera ML Paw Patrol,2-4-6-8,1-2-2-1,9990,fuzzy,1.00,si,Remera Paw Patrol,88062%Blanco,https://magicstore.com.ar/wp-content/uploads/2025/02/MAGIC_Remera-Kind.webp,"¡Porque cada día es una nueva misión! Este buzo de Paw Patrol con el mensaje Living My Best Life es ideal para los pequeños que viven la vida con actitud y mucha diversión. Con un diseño dinámico y lleno de color, presenta a los cachorros más valientes y un toque de estilo único. Confeccionado en material suave y cálido, es perfecto para acompañar a los niños en sus aventuras diarias. ¡Sigue viviendo lo mejor con Paw Patrol! Consíguelo ahora.",23999,https://magicstore.com.ar/remera-paw-patrol-2/
88089,PAW PATROL,Remera ML Paw Patrol,Remera ML Paw Patrol,2-4-6-8,1-2-2-1,9990,sku,1.00,si,Remera Paw Patrol,88089%violeta,https://magicstore.com.ar/wp-content/uploads/2025/02/PAW-PATROL-ART.-88089-1.jpg,"¡Aventuras y amistad en cada vuelo! Esta remera de Skye y su amiga es ideal para las pequeñas que sueñan en grande. Con un diseño encantador que muestra a Skye y su amiga en plena acción, es perfecta para los días llenos de juegos y risas. Hecha de tela suave y ligera, garantiza comodidad y estilo para todas las pequeñas que aman las aventuras de Paw Patrol. ¡Vuela alto con estilo! Agrégala al carrito ahora.",23999,https://magicstore.com.ar/remera-paw-patrol/
88090,PAW PATROL,Buzo Capucha Paw Patrol,Buzo Capucha Paw Patrol,2-4-6-8,1-2-2-1,19990,fuzzy,0.75,si,Buzo Paw Patrol,88083%azul,https://magicstore.com.ar/wp-content/uploads/2025/01/88083.png,"Buzo azul para niño con un diseño increíble de Paw Patrol, featuring a sus tres personajes favoritos: Chase, Rubble y Marshall. Confeccionado en material suave y cómodo, es perfecto para mantener a los pequeños abrigados y con estilo. Ideal para los fanáticos de la patrulla canina que buscan un look divertido y lleno de acción. ¡Perfecto para aventuras diarias y momentos de juego!",27500,https://magicstore.com.ar/buzo-paw-patrol/
88091,PAW PATROL,Jogging CARGO Paw Patrol,Jogging CARGO Paw Patrol,2-4-6-8,1-2-2-1,14990,sku,1.00,si,Jogging Paw Patrol,88091leste,https://magicstore.com.ar/wp-content/uploads/2025/05/joggings.png,"Este increíble jogging de Paw Patrol es perfecto para que los pequeños se sientan cómodos y listos para cualquier aventura, ya sea en casa o al aire libre. Con un diseño divertido de los cachorros favoritos, como Chase y Marshall, y confeccionado en tela suave y elástica, este jogging ofrece libertad de movimiento en todo momento. Su ajuste cómodo y práctico con cintura elástica y puños ajustados lo hace ideal para jugar, correr o relajarse. ¡Un toque de acción y diversión que nunca pasa desapercibido!",32999,https://magicstore.com.ar/jogging-paw-patrol-2/
88117,PAW PATROL,Boxer Paw Patrol,Boxer Paw Patrol,2-4-6-8,1-2-2-1,3990,fuzzy,0.50,si,Jogging Paw Patrol,88091leste,https://magicstore.com.ar/wp-content/uploads/2025/05/joggings.png,"Este increíble jogging de Paw Patrol es perfecto para que los pequeños se sientan cómodos y listos para cualquier aventura, ya sea en casa o al aire libre. Con un diseño divertido de los cachorros favoritos, como Chase y Marshall, y confeccionado en tela suave y elástica, este jogging ofrece libertad de movimiento en todo momento. Su ajuste cómodo y práctico con cintura elástica y puños ajustados lo hace ideal para jugar, correr o relajarse. ¡Un toque de acción y diversión que nunca pasa desapercibido!",32999,https://magicstore.com.ar/jogging-paw-patrol-2/
88118,PAW PATROL,Bombacha Paw Patrol,Bombacha Paw Patrol,2-4-6-8,1-2-2-1,2990,fuzzy,0.50,si,Jogging Paw Patrol,88091leste,https://magicstore.com.ar/wp-content/uploads/2025/05/joggings.png,"Este increíble jogging de Paw Patrol es perfecto para que los pequeños se sientan cómodos y listos para cualquier aventura, ya sea en casa o al aire libre. Con un diseño divertido de los cachorros favoritos, como Chase y Marshall, y confeccionado en tela suave y elástica, este jogging ofrece libertad de movimiento en todo momento. Su ajuste cómodo y práctico con cintura elástica y puños ajustados lo hace ideal para jugar, correr o relajarse. ¡Un toque de acción y diversión que nunca pasa desapercibido!",32999,https://magicstore.com.ar/jogging-paw-patrol-2/
88403,PAW PATROL MOVIE,Remera mc Paw patrol movie,Remera mc Paw patrol movie,2-4-6-8,1-2-2-1,9990,fuzzy,0.75,si,Remera Paw Patrol,88062%Blanco,https://magicstore.com.ar/wp-content/uploads/2025/02/MAGIC_Remera-Kind.webp,"¡Porque cada día es una nueva misión! Este buzo de Paw Patrol con el mensaje Living My Best Life es ideal para los pequeños que viven la vida con actitud y mucha diversión. Con un diseño dinámico y lleno de color, presenta a los cachorros más valientes y un toque de estilo único. Confeccionado en material suave y cálido, es perfecto para acompañar a los niños en sus aventuras diarias. ¡Sigue viviendo lo mejor con Paw Patrol! Consíguelo ahora.",23999,https://magicstore.com.ar/remera-paw-patrol-2/
88404,PAW PATROL MOVIE,Remera mc Paw patrol movie,Remera mc Paw patrol movie,2-4-6-8,1-2-2-1,9990,fuzzy,0.75,si,Remera Paw Patrol,88062%Blanco,https://magicstore.com.ar/wp-content/uploads/2025/02/MAGIC_Remera-Kind.webp,"¡Porque cada día es una nueva misión! Este buzo de Paw Patrol con el mensaje Living My Best Life es ideal para los pequeños que viven la vida con actitud y mucha diversión. Con un diseño dinámico y lleno de color, presenta a los cachorros más valientes y un toque de estilo único. Confeccionado en material suave y cálido, es perfecto para acompañar a los niños en sus aventuras diarias. ¡Sigue viviendo lo mejor con Paw Patrol! Consíguelo ahora.",23999,https://magicstore.com.ar/remera-paw-patrol-2/
88405,PAW PATROL MOVIE,Remera mc Paw patrol movie,Remera mc Paw patrol movie,2-4-6-8,1-2-2-1,9990,fuzzy,0.75,si,Remera Paw Patrol,88062%Blanco,https://magicstore.com.ar/wp-content/uploads/2025/02/MAGIC_Remera-Kind.webp,"¡Porque cada día es una nueva misión! Este buzo de Paw Patrol con el mensaje Living My Best Life es ideal para los pequeños que viven la vida con actitud y mucha diversión. Con un diseño dinámico y lleno de color, presenta a los cachorros más valientes y un toque de estilo único. Confeccionado en material suave y cálido, es perfecto para acompañar a los niños en sus aventuras diarias. ¡Sigue viviendo lo mejor con Paw Patrol! Consíguelo ahora.",23999,https://magicstore.com.ar/remera-paw-patrol-2/
88406,PAW PATROL MOVIE,Remera mc Paw patrol movie,Remera mc Paw patrol movie,2-4-6-8,1-2-2-1,9990,fuzzy,0.75,si,Remera Paw Patrol,88062%Blanco,https://magicstore.com.ar/wp-content/uploads/2025/02/MAGIC_Remera-Kind.webp,"¡Porque cada día es una nueva misión! Este buzo de Paw Patrol con el mensaje Living My Best Life es ideal para los pequeños que viven la vida con actitud y mucha diversión. Con un diseño dinámico y lleno de color, presenta a los cachorros más valientes y un toque de estilo único. Confeccionado en material suave y cálido, es perfecto para acompañar a los niños en sus aventuras diarias. ¡Sigue viviendo lo mejor con Paw Patrol! Consíguelo ahora.",23999,https://magicstore.com.ar/remera-paw-patrol-2/
88408,PAW PATROL MOVIE,Pijama mc Paw patrol movie,Pijama mc Paw patrol movie,2-4-6-8,1-2-2-1,12500,fuzzy,0.75,si,Pijama Paw Patrol,88068leste,https://magicstore.com.ar/wp-content/uploads/2025/01/magic-205-1.jpg,"Este adorable pijama de Paw Patrol es perfecto para que los pequeños héroes descansen cómodos y con estilo. Confeccionado en tela suave y transpirable, ofrece una sensación ligera y acogedora para una noche de sueño placentera. Su divertido diseño con los cachorros favoritos de la Patrulla Canina hará que la hora de dormir sea aún más emocionante. ¡Prepárate para soñar con grandes aventuras junto a Chase, Marshall, Skye y el resto del equipo!",59999,https://magicstore.com.ar/pijama-paw-patrol-3/
91109,BOYS,Campera de abrigo Premium NB Boys,Campera de abrigo Premium NB Boys,4-6-8-10-12-14-16,1-1-2-2-2-2-2,44990,sku,1.00,si,Campera de Nieve,91109-marino,https://magicstore.com.ar/wp-content/uploads/2026/02/91109-5.jpeg,"El abrigo definitivo para enfrentar condiciones extremas con la máxima tecnología y seguridad. Tecnología Térmica Superior: Cuenta con un forro interior aluminizado diseñado para reflejar y retener el calor corporal, manteniendo al niño cálido incluso en temperaturas bajo cero. Protección Contra el Clima: Confeccionada en tela técnica resistente al agua y al viento, incluye una capucha ajustable con cordones elásticos de seguridad en color rojo. Detalles de Alto Rendimiento: Bolsillos funcionales con cierres sellados, incluyendo un práctico bolsillo en la manga para pases de esquí o pequeños objetos. Puños internos elásticos para evitar la entrada de nieve o aire frío. Trampa de nieve interna con ajuste elástico para mayor sellado. Diseño Robusto: En color azul marino profundo con detalles bordados de la línea «Outerwear Sport», garantizando durabilidad y un look profesional. 🌟 Calidad Premium: Una prenda técnica esencial para disfrutar de la nieve con total protección.",89999,https://magicstore.com.ar/campera-de-nieve/
91110,BOYS,Chaleco de abrigo Premium NB Boys,Chaleco de abrigo Premium NB Boys,4-6-8-10-12-14-16,1-1-2-2-2-2-2,14990,fuzzy,0.50,si,Chaleco de abrigo,50073,https://magicstore.com.ar/wp-content/uploads/2025/03/chaleco-azul-1.jpg,"Chaleco de abrigo, diseñado para ofrecer comodidad y protección adicional durante los días frescos. Su corte sin mangas permite mayor libertad de movimiento, mientras que su material de abrigo brinda calidez. Perfecto para combinar con camisetas, buzos o chaquetas, logrando un look casual y cómodo para los más chicos en cualquier temporada.",67500,https://magicstore.com.ar/chaleco-de-abrigo/
609003,MARVEL,Buzo Capucha STN MARVEL,Buzo Capucha STN MARVEL,XS-S-M-L-XL-XXL,1-2-2-2-2-1,27990,fuzzy,0.50,si,Buzo Marvel,80802%negro,https://magicstore.com.ar/wp-content/uploads/2025/04/magik-2304911.webp,"Abrigo, estilo y acción en una sola prenda. Este buzo canguro de frisa es ideal para los días frescos. Cuenta con capucha forrada en color contratono y cordón ajustable para mayor comodidad. Su estampa con efecto puff y el logo de Marvel le dan un toque único para los fanáticos del universo de superhéroes. Perfecto para combinar con jeans, joggers o pantalones deportivos.",43999,https://magicstore.com.ar/buzo-marvel/
609021,MARVEL,Buzo CR STN MARVEL,Buzo CR STN MARVEL,XS-S-M-L-XL-XXL,1-2-2-2-2-1,19990,fuzzy,0.67,si,Buzo Marvel,80802%negro,https://magicstore.com.ar/wp-content/uploads/2025/04/magik-2304911.webp,"Abrigo, estilo y acción en una sola prenda. Este buzo canguro de frisa es ideal para los días frescos. Cuenta con capucha forrada en color contratono y cordón ajustable para mayor comodidad. Su estampa con efecto puff y el logo de Marvel le dan un toque único para los fanáticos del universo de superhéroes. Perfecto para combinar con jeans, joggers o pantalones deportivos.",43999,https://magicstore.com.ar/buzo-marvel/
609038,MARVEL,Buzo Capucha STN MARVEL,Buzo Capucha STN MARVEL,XS-S-M-L-XL-XXL,1-2-2-2-2-1,32990,sku,1.00,si,Buzo Canguro Marvel adulto,609038-negro,https://magicstore.com.ar/wp-content/uploads/2026/04/1.jpg,"¡Llevá el poder de los Avengers con vos! Este buzo de Marvel combina un estilo urbano impecable con los símbolos icónicos de tus héroes favoritos. Es la prenda ideal para los fanáticos que buscan un diseño exclusivo sin sacrificar comodidad ni abrigo. Características del Producto Diseño Premium: Estampa central con el logo de Marvel en rojo y un recuadro artístico que incluye los emblemas de Iron Man, Hulk, Thor y Capitán América. Detalles Exclusivos: Cuenta con una estampa lateral impactante en la manga derecha con la frase «Earth&#8217;s Mightiest Heroes» en tipografía clásica. Comodidad Total: Confeccionado en algodón con frisa invisible de alta calidad, garantizando suavidad al tacto y gran capacidad térmica para el invierno. Corte y Ajuste: Calce Regular Fit con capucha ajustable y bolsillo tipo canguro frontal, ideal para un look relajado y funcional. Durabilidad: Puños y cintura de rib elástico que mantienen la forma de la prenda tras varios lavados.",72999,https://magicstore.com.ar/buzo-canguro-marvel-adulto/
609281,MARVEL,Buzo Capucha STN MARVEL,Buzo Capucha STN MARVEL,XS-S-M-L-XL-XXL,1-2-2-2-2-1,29990,fuzzy,0.50,si,Buzo Marvel,80802%negro,https://magicstore.com.ar/wp-content/uploads/2025/04/magik-2304911.webp,"Abrigo, estilo y acción en una sola prenda. Este buzo canguro de frisa es ideal para los días frescos. Cuenta con capucha forrada en color contratono y cordón ajustable para mayor comodidad. Su estampa con efecto puff y el logo de Marvel le dan un toque único para los fanáticos del universo de superhéroes. Perfecto para combinar con jeans, joggers o pantalones deportivos.",43999,https://magicstore.com.ar/buzo-marvel/
609292,MARVEL,Buzo CR STN MARVEL,Buzo CR STN MARVEL,XS-S-M-L-XL-XXL,1-2-2-2-2-1,24990,fuzzy,0.67,si,Buzo Marvel,80802%negro,https://magicstore.com.ar/wp-content/uploads/2025/04/magik-2304911.webp,"Abrigo, estilo y acción en una sola prenda. Este buzo canguro de frisa es ideal para los días frescos. Cuenta con capucha forrada en color contratono y cordón ajustable para mayor comodidad. Su estampa con efecto puff y el logo de Marvel le dan un toque único para los fanáticos del universo de superhéroes. Perfecto para combinar con jeans, joggers o pantalones deportivos.",43999,https://magicstore.com.ar/buzo-marvel/
609293,MARVEL,Buzo Capucha STN MARVEL,Buzo Capucha STN MARVEL,XS-S-M-L-XL-XXL,1-2-2-2-2-1,29990,fuzzy,0.50,si,Buzo Marvel,80802%negro,https://magicstore.com.ar/wp-content/uploads/2025/04/magik-2304911.webp,"Abrigo, estilo y acción en una sola prenda. Este buzo canguro de frisa es ideal para los días frescos. Cuenta con capucha forrada en color contratono y cordón ajustable para mayor comodidad. Su estampa con efecto puff y el logo de Marvel le dan un toque único para los fanáticos del universo de superhéroes. Perfecto para combinar con jeans, joggers o pantalones deportivos.",43999,https://magicstore.com.ar/buzo-marvel/
609301,DC,Buzo CR STN DC,Buzo CR STN DC,XS-S-M-L-XL-XXL,1-2-2-2-2-1,24990,sku,1.00,si,Buzo Batman Face Your Fear,609301-gris,https://magicstore.com.ar/wp-content/uploads/2026/04/2-1.webp,"¡Llevá el espíritu de Gotham con vos! Este buzo de cuello redondo combina un diseño minimalista al frente con una estampa explosiva en la espalda, ideal para quienes buscan un look streetwear con personalidad y actitud. Su color gris topo lavado le da ese toque vintage y versátil que combina con todo, desde unos jeans negros hasta un outfit más relajado. Características Principales: Material: Algodón rústico de alta calidad, suave al tacto y resistente al uso diario. Diseño: * Frente: Estampa sutil en el lateral inferior con el logo de Batman y la frase «Face Your Fear». Espalda: Gráfico artístico de alto impacto con estética de cómic retro y la leyenda «Batman Strikes Back». Corte: Regular fit con puños y cintura de rib elástico para un calce cómodo y estructurado.",54999,https://magicstore.com.ar/buzo-batman-face-your-fear/
609302,HARRY POTTER,Buzo Cap STN HP,Buzo Cap STN HP,XS-S-M-L-XL-XXL,1-2-2-2-2-1,24990,sku,1.00,si,Buzo Hoodie Harry Potter,609302-bordo,https://magicstore.com.ar/wp-content/uploads/2026/04/1734-scaled.jpg,"¡Subite al Expreso de Hogwarts con estilo! Este buzo hoodie de Harry Potter es la prenda definitiva para cualquier mago o muggle que quiera llevar la magia a todos lados. Con un diseño moderno y detalles en contraste, es ideal para enfrentar el invierno con toda la onda de la saga más famosa del mundo. Características del Producto Diseño Premium: Estampa central de alta durabilidad con el icónico logo de la Plataforma 9 ¾ y la leyenda «Hogwarts Express». Detalles en Contraste: Puños y cintura en ribb elástico de color diferente, que le dan un toque urbano y original. Máximo Confort: Confeccionado en algodón con frisa invisible de primera calidad, súper suave al tacto y calentito. Corte Moderno: Calce Regular Fit que se adapta cómodamente al cuerpo. Incluye capucha forrada y bolsillo tipo canguro para mantener las manos protegidas.",54999,https://magicstore.com.ar/buzo-hoodie-harry-potter-4/
663200,MARVEL,Remera MC STN MARVEL,Remera MC STN MARVEL,XS-S-M-L-XL-XXL,1-2-2-2-2-1,12500,fuzzy,0.67,si,Remera ML Marvel,81425-gris,https://magicstore.com.ar/wp-content/uploads/2026/02/81425-3.jpeg,"¡El estilo del anime llega a los Vengadores! Esta remera de manga larga destaca por su diseño inspirado en la serie «Marvel Future Avengers». Con una estética de dibujo japonés y corte renglán, es la prenda perfecta para los pequeños fanáticos que buscan algo diferente y moderno dentro del universo Marvel.",26500,https://magicstore.com.ar/remera-ml-marvel-2/
663202,MARVEL,Remera MC STN MARVEL,Remera MC STN MARVEL,XS-S-M-L-XL-XXL,1-2-2-2-2-1,12500,fuzzy,0.67,si,Remera ML Marvel,81425-gris,https://magicstore.com.ar/wp-content/uploads/2026/02/81425-3.jpeg,"¡El estilo del anime llega a los Vengadores! Esta remera de manga larga destaca por su diseño inspirado en la serie «Marvel Future Avengers». Con una estética de dibujo japonés y corte renglán, es la prenda perfecta para los pequeños fanáticos que buscan algo diferente y moderno dentro del universo Marvel.",26500,https://magicstore.com.ar/remera-ml-marvel-2/
663232,MARVEL,Remera MC STN MARVEL,Remera MC STN MARVEL,XS-S-M-L-XL-XXL,1-2-2-2-2-1,11500,fuzzy,0.67,si,Remera ML Marvel,81425-gris,https://magicstore.com.ar/wp-content/uploads/2026/02/81425-3.jpeg,"¡El estilo del anime llega a los Vengadores! Esta remera de manga larga destaca por su diseño inspirado en la serie «Marvel Future Avengers». Con una estética de dibujo japonés y corte renglán, es la prenda perfecta para los pequeños fanáticos que buscan algo diferente y moderno dentro del universo Marvel.",26500,https://magicstore.com.ar/remera-ml-marvel-2/
663291,MARVEL,Remera Oversize MC STN MARVEL,Remera Oversize MC STN MARVEL,XS-S-M-L-XL-XXL,1-2-2-2-2-1,16990,sku,1.00,si,Remera Spider-Man The Amazing,663291-negro,https://magicstore.com.ar/wp-content/uploads/2026/04/663291-2-scaled.jpg,"¡Llevá tu fanatismo por el arácnido al siguiente nivel con un estilo puramente urbano! Esta remera de Spider-Man no es la típica prenda de superhéroes; tiene un tratamiento de lavado ácido (acid wash) que le da un aspecto vintage, desgastado y súper canchero, ideal para combinar con tus mejores zapas. Destacados del Producto: Diseño Exclusivo: Estampa frontal de «The Amazing Spider-Man» con el icónico gesto de la mano lanzando telarañas, en un estilo retro-cómic. Efecto Batik/Acid Wash: Cada prenda es única gracias a su proceso de teñido y lavado, disponible en tonos beige y negro. Corte Oversize/Boxy: Calce relajado, cómodo y moderno, siguiendo las últimas tendencias del streetwear. Calidad Superior: Confeccionada en algodón de alto gramaje, suave al tacto pero resistente al uso diario.",30500,https://magicstore.com.ar/remera-spider-man-the-amazing-2/
663292,MARVEL,Remera MC STN MARVEL,Remera MC STN MARVEL,XS-S-M-L-XL-XXL,1-2-2-2-2-1,12990,sku,1.00,si,Remera Marvel Wolverine,663292-beige,https://magicstore.com.ar/wp-content/uploads/2026/04/0108-scaled.webp,"¡Llevá el multiverso con vos! Esta remera de Marvel es el básico indispensable para cualquier fanático de los cómics que busca un estilo retro y auténtico. Con un diseño tipo «sketch» que emula los bocetos originales de la Marvel Comics Group, esta prenda combina nostalgia y tendencia en una sola pieza. Por qué la vas a amar: Diseño Exclusivo: Estampa frontal de alta calidad con tres de los héroes más icónicos: Spider-Man, Wolverine y Black Panther, detallando sus habilidades y nombres en tipografía clásica. Calidad Premium: Confeccionada en algodón suave de primera línea, ideal para el uso diario por su frescura y durabilidad. Calce Perfecto: Corte Regular Fit con cuello redondo reforzado, pensado para que te sientas cómodo durante todo el día. Estilo Versátil: El tono arena (beige) es tendencia esta temporada, siendo súper fácil de combinar con jeans, bermudas o joggers.",31500,https://magicstore.com.ar/remera-marvel-wolverine/
663294,MARVEL,Remera MC STN MARVEL,Remera MC STN MARVEL,XS-S-M-L-XL-XXL,1-2-2-2-2-1,12500,sku,1.00,si,Remera marvel Deadpool,663294-crudo,https://magicstore.com.ar/wp-content/uploads/2026/04/0112-scaled.webp,"¡Sumá estilo épico a tu día a día con esta remera de Deadpool! Con un diseño minimalista pero con toda la actitud del antihéroe más querido de Marvel, esta prenda es un básico infaltable para cualquier fanático de los cómics y la cultura pop. El diseño presenta una estampa lateral vertical con el nombre de Deadpool en tipografía clásica roja con efecto gastado, acompañada por una ilustración lineal del personaje en la parte inferior. Es la combinación perfecta entre un look urbano y fan identity.",29999,https://magicstore.com.ar/remera-marvel-deadpool/
663295,MARVEL,Remera MC STN MARVEL,Remera MC STN MARVEL,XS-S-M-L-XL-XXL,1-2-2-2-2-1,13990,sku,1.00,si,Remera Marvel Hulk,663295-verde,https://magicstore.com.ar/wp-content/uploads/2026/04/0146-scaled.webp,"¡Sentí el poder del Gigante Esmeralda! Esta remera de Hulk combina la estética retro de las portadas clásicas de Marvel con un diseño urbano moderno. Con una estampa frontal sutil y un diseño impactante en la espalda, es la prenda definitiva para los coleccionistas y amantes del estilo streetwear. Disponible en dos variantes de color: Blanco clásico para un look limpio y Verde Musgo para un estilo más rudo y militar. Diseño y Detalles: Frente: Presenta el logo retro de Marvel Comics a la derecha y una ilustración minimalista de The Incredible Hulk a la izquierda, manteniendo un estilo equilibrado. Espalda: Estampa a gran escala que recrea una portada de cómic vintage con el arte clásico de Hulk, logrando un impacto visual increíble al caminar. Detalle de Marca: Incluye la etiqueta original de Marvel en el lateral inferior, garantizando la autenticidad de la pieza.",33999,https://magicstore.com.ar/remera-marvel-hulk-2/
663296,MARVEL,Remera MC STN MARVEL,Remera MC STN MARVEL,XS-S-M-L-XL-XXL,1-2-2-2-2-1,13990,sku,1.00,si,Remera Spider-Man Marvel Comics,663296-blanco,https://magicstore.com.ar/wp-content/uploads/2026/04/0125-scaled.jpg,"Llevá el legado del arácnido más famoso con esta remera de Spider-Man, una pieza esencial para cualquier fan de Marvel. Con un diseño que equilibra la estética retro de los cómics clásicos y un corte moderno, es la prenda ideal para completar tu outfit diario con un toque de personalidad. Características del Producto: Diseño Exclusivo: Presenta el icónico sello circular de «Marvel Comics Group» en el frente y una impresionante estampa trasera tipo cómic full color, con viñetas clásicas de Spider-Man en acción. Material de Primera: Confeccionada en algodón de alta calidad, suave al tacto y sumamente transpirable, ideal para usar durante todo el año. Corte Moderno (Long Fit): Posee un calce cómodo con terminación redondeada en la base y pequeñas aberturas laterales que le dan un aire urbano y actual. Colores Disponibles: Elegí entre el clásico Blanco Off-White para resaltar los colores de la estampa o el Gris Melange para un look más sobrio y versátil. Detalles de Marca: Incluye etiqueta original de Marvel en el lateral, garantizando la autenticidad de la prenda.",33999,https://magicstore.com.ar/remera-spider-man-marvel-comics-2/
663298,MARVEL,Remera MC STN MARVEL,Remera MC STN MARVEL,XS-S-M-L-XL-XXL,1-2-2-2-2-1,12990,sku,1.00,si,Remera Spider-Man New York 1962,663298-marron,https://magicstore.com.ar/wp-content/uploads/2026/04/1714-scaled.jpg,"¡Llevá el legado del arácnido con vos! Esta remera de Spider-Man combina la estética vintage de los cómics con un diseño moderno y cómodo, ideal para tu look diario. Con un tono arena (camel) súper combinable, es la prenda perfecta para los seguidores del universo Marvel que buscan un toque de distinción. Características del Producto: Diseño Exclusivo: Estampado central con la imagen clásica de Spider-Man en pose icónica, acompañado de la leyenda «New York 1962», año de su primera aparición. Detalles de Calidad: Cuello redondo reforzado y terminación de doble manga con ribb negro, que le aporta un estilo deportivo y estructurado. Material Premium: Confeccionada en algodón de alta calidad, suave al tacto y respirable, ideal para usar durante todo el día. Licencia Oficial: Incluye etiqueta lateral de Marvel, garantizando la autenticidad y durabilidad de la prenda. Calce Perfecto: Corte Regular Fit que se adapta cómodamente al cuerpo sin ajustar demasiado.",31500,https://magicstore.com.ar/remera-spider-man-new-york-1962/
663564,DC,Remera MC STN DC,Remera MC STN DC,XS-S-M-L-XL-XXL,1-2-2-2-2-1,12500,fuzzy,0.50,si,Remera DC,87008%azul,https://magicstore.com.ar/wp-content/uploads/2025/02/magik-2304796.jpg,"¡Los héroes más icónicos de DC en una sola remera! Con Superman, Batman y Flash, esta prenda es perfecta para los verdaderos fanáticos de la Liga de la Justicia. Su diseño dinámico y lleno de acción refleja la fuerza, velocidad y determinación de estos legendarios superhéroes. Confeccionada en materiales suaves y cómodos, es ideal para el día a día. ¡Lleva el poder de DC Comics a cada aventura!",24900,https://magicstore.com.ar/remera-dc-trinity/
663566,DC,Remera MC STN DC,Remera MC STN DC,XS-S-M-L-XL-XXL,1-2-2-2-2-1,12500,fuzzy,0.50,si,Remera DC,87008%azul,https://magicstore.com.ar/wp-content/uploads/2025/02/magik-2304796.jpg,"¡Los héroes más icónicos de DC en una sola remera! Con Superman, Batman y Flash, esta prenda es perfecta para los verdaderos fanáticos de la Liga de la Justicia. Su diseño dinámico y lleno de acción refleja la fuerza, velocidad y determinación de estos legendarios superhéroes. Confeccionada en materiales suaves y cómodos, es ideal para el día a día. ¡Lleva el poder de DC Comics a cada aventura!",24900,https://magicstore.com.ar/remera-dc-trinity/
663587,MARVEL,Remera MC STN MARVEL,Remera MC STN MARVEL,XS-S-M-L-XL-XXL,1-2-2-2-2-1,13990,sku,1.00,si,Remera Marvel Spiderman vs Hulk,663587-negro,https://magicstore.com.ar/wp-content/uploads/2026/04/0137-scaled.jpg,"¡Llevá el épico enfrentamiento de los Avengers con vos! Esta remera de Marvel combina un diseño minimalista en el frente con todo el impacto del arte secuencial en la espalda. Es la prenda ideal para los fanáticos de los cómics que buscan un estilo urbano y auténtico. Características del Producto: Diseño Exclusivo: Frente con el clásico logo de Marvel en recuadro rojo. Espalda con una estampa full color de alta definición que recrea una viñeta clásica de Spiderman y Hulk. Material de Calidad: Confeccionada en algodón 100% de primera calidad, suave al tacto y sumamente respirable, ideal para el uso diario en cualquier estación. Calce Perfecto: Corte Regular Fit que se adapta cómodamente al cuerpo sin ajustar demasiado, garantizando libertad de movimiento. Colores Disponibles: Elegí entre Blanco para un look fresco y clásico, o Negro para resaltar los colores de la estampa retro. Detalles Originales: Incluye etiqueta lateral de autenticidad Marvel.",33999,https://magicstore.com.ar/remera-marvel-spiderman-vs-hulk-3/
663596,MARVEL,Remera Oversize MC STN MARVEL,Remera Oversize MC STN MARVEL,XS-S-M-L-XL-XXL,1-2-2-2-2-1,15990,sku,1.00,si,Remera Oversize Venom,663596-blanco,https://magicstore.com.ar/wp-content/uploads/2026/04/Sin-titulo-1.webp,"¡Llevá el estilo del simbionte más letal a las calles! Esta remera oversize blanca no es solo una prenda básica, es una pieza de diseño inspirada en la estética del cómic clásico de Venom. Con un corte moderno y relajado, es ideal para quienes buscan comodidad sin perder la onda urbana. Detalles del Diseño Frente: Logo minimalista de «Venom» en el pecho con la tipografía icónica de Marvel, bordado o estampado en alta definición (según variante). Dorso: Una ilustración imponente de Venom en estilo line-art (trazo negro) que ocupa gran parte de la espalda, enmarcada por el nombre del personaje en tipografía gótica distorsionada. Calce: Oversize fit (suelto y cómodo), con hombros caídos y mangas amplias, siguiendo las últimas tendencias del streetwear.",38500,https://magicstore.com.ar/remera-oversize-venom/
663597,MARVEL,Remera Oversize MC STN MARVEL,Remera Oversize MC STN MARVEL,XS-S-M-L-XL-XXL,1-2-2-2-2-1,15990,sku,1.00,si,Remera Oversize Wolverine Vintage,663597-gris,https://magicstore.com.ar/wp-content/uploads/2026/04/1030-scaled.jpg,"¡Sumá estilo épico a tu rotación diaria con la Remera Oversize de Wolverine! Esta prenda no es solo una remera básica, es una pieza de colección para los fanáticos del universo Marvel que buscan un look urbano, cómodo y con mucha actitud. Con un diseño inspirado en la estética retro de los cómics clásicos, esta remera presenta un frente minimalista con el logo de «Wolverine Comics» y una estampa trasera impactante a todo color que captura la esencia del mutante más salvaje de los X-Men. Características del Producto: Calce Oversize: Corte holgado y moderno con hombros caídos para máxima comodidad y un estilo urbano (streetwear). Material Premium: Confeccionada en algodón de alta calidad, suave al tacto y resistente a los lavados. Estampa de Alta Definición: Diseño tipo «Comic Book» en la espalda con colores vibrantes y efecto vintage. Detalles Originales: Incluye etiqueta lateral roja de autenticidad Marvel. Colores Disponibles: Negro clásico y Gris melange. Versatilidad: Ideal para combinar con jeans, joggers o bermudas.",38500,https://magicstore.com.ar/remera-oversize-wolverine-vintage-2/
663598,MARVEL,Remera MC STN MARVEL,Remera MC STN MARVEL,XS-S-M-L-XL-XXL,1-2-2-2-2-1,12990,sku,1.00,si,Remera Marvel Avengers Retro,663598-gris,https://magicstore.com.ar/wp-content/uploads/2026/04/0155-scaled.jpg,"Esta remera de la línea Marvel Comics es la combinación perfecta entre la estética deportiva de los años 70 y la era dorada de los cómics. Con un diseño tipo Ringer (cuello y puños en contraste), es la prenda ideal para quienes buscan un look casual, urbano y con mucha personalidad. Características Principales: Diseño Exclusivo: Estampado frontal «Class of 1963 Marvel» con arte clásico de Thor, Capitán América y Hulk. Estilo Ringer: Detalles de ribb en cuello y mangas que resaltan el diseño y brindan un ajuste cómodo. Material de Alta Calidad: Confeccionada en algodón premium, suave al tacto, fresco y ultra resistente a los lavados. Calce Perfecto: Corte Regular Fit que se adapta cómodamente al cuerpo sin perder la forma. Detalle de Marca: Incluye etiqueta original de Marvel bordada en el lateral inferior, garantizando la autenticidad de la prenda.",31500,https://magicstore.com.ar/remera-marvel-avengers-retro-2/
663599,DC,Remera MC STN DC,Remera MC STN DC,XS-S-M-L-XL-XXL,1-2-2-2-2-1,13990,sku,1.00,si,Remera Batman,663599-negro,https://magicstore.com.ar/wp-content/uploads/2026/04/0163-scaled.jpg,"¡Llevá el estilo de Gotham con vos! Esta remera de Batman combina un diseño urbano moderno con la esencia del Caballero de la Noche. Ideal para un look casual, esta prenda destaca por su estampa de alta calidad y su combinación de colores vibrantes en lila y verde neón, que rompen con el clásico negro. Características del Producto: Material: 100% Algodón de primera calidad, suave al tacto y fresco para el uso diario. Diseño Frontal: Detalle minimalista en el pecho con el logo de Batman y el número «39» (en referencia al año de su debut, 1939) en relieve lila. Diseño Posterior: Estampa impactante a espalda completa con la leyenda «The World&#8217;s Greatest Detective» y una ilustración estilizada de Batman. Calce: Regular fit (corte estándar) con cuello redondo reforzado.",33999,https://magicstore.com.ar/remera-batman-3/
663600,DC,Remera MC STN DC,Remera MC STN DC,XS-S-M-L-XL-XXL,1-2-2-2-2-1,12990,sku,1.00,si,Remera Batman Edición Especial Japón,663600-blanco,https://magicstore.com.ar/wp-content/uploads/2026/04/0167-scaled.jpg,"¡Llevá el estilo del Caballero de la Noche a otro nivel! Esta remera de la colección Batman: The World fusiona la estética icónica de DC Comics con el arte visual japonés. Un diseño exclusivo para los verdaderos fanáticos que buscan una prenda con personalidad, calidad y un toque urbano. Características del Producto: Diseño Exclusivo: Frente con el logo clásico de Batman, el texto «JAPAN» y tipografía en katakana rojo. Dorso de Impacto: Estampa de gran formato en la espalda con una ilustración estilo manga de Batman sobrevolando un castillo tradicional japonés, inspirada en la aclamada antología Batman: The World. Material Premium: Confeccionada en algodón 100% de alta calidad, suave al tacto y ultra resistente para el uso diario. Corte Moderno: Calce Regular Fit que se adapta cómodamente al cuerpo. Cuello redondo reforzado para evitar deformaciones.",31500,https://magicstore.com.ar/remera-batman-edicion-especial-japon-2/
663601,DC,Remera Oversize MC STN DC,Remera Oversize MC STN DC,XS-S-M-L-XL-XXL,1-2-2-2-2-1,14990,sku,1.00,si,Remera Batman 1989 Oversize,663601-negro,https://magicstore.com.ar/wp-content/uploads/2026/04/0220-scaled.jpg,"¡Llevá el estilo del Caballero de la Noche a otro nivel! Esta remera no es solo una prenda de algodón, es un homenaje a la estética icónica de Batman 1989. Con un corte oversize real, es la pieza clave para un look urbano, cómodo y con mucha personalidad. Detalles que la rompen: Diseño Exclusivo: Estampa frontal de alta calidad con el logo clásico y arte inspirado en la película de 1989. Calce Oversize: Corte amplio con hombros caídos y mangas largas, ideal para quienes buscan comodidad sin perder el estilo streetwear.",35999,https://magicstore.com.ar/remera-batman-1989-oversize-2/
663602,DC,Remera MC STN DC,Remera MC STN DC,XS-S-M-L-XL-XXL,1-2-2-2-2-1,12990,fuzzy,0.50,si,Remera DC,87008%azul,https://magicstore.com.ar/wp-content/uploads/2025/02/magik-2304796.jpg,"¡Los héroes más icónicos de DC en una sola remera! Con Superman, Batman y Flash, esta prenda es perfecta para los verdaderos fanáticos de la Liga de la Justicia. Su diseño dinámico y lleno de acción refleja la fuerza, velocidad y determinación de estos legendarios superhéroes. Confeccionada en materiales suaves y cómodos, es ideal para el día a día. ¡Lleva el poder de DC Comics a cada aventura!",24900,https://magicstore.com.ar/remera-dc-trinity/
663603,DC,Remera Oversize MC STN DC,Remera Oversize MC STN DC,XS-S-M-L-XL-XXL,1-2-2-2-2-1,15990,sku,1.00,si,Remera Oversized Superman 38,663603-blanco,https://magicstore.com.ar/wp-content/uploads/2026/04/super2.webp,"¡Llevá el estilo del Hombre de Acero a otro nivel! Esta remera no es solo para fanáticos de los cómics; es una pieza de streetwear esencial para quienes buscan comodidad y un diseño urbano impecable. Con una estética inspirada en el fútbol americano y la mística de Metropolis, es la combinación perfecta entre lo retro y lo moderno. Características del Producto Corte: Oversized (suelto y relajado), ideal para un look urbano y cómodo. Material: Algodón premium de alta calidad, suave al tacto y resistente a los lavados. Diseño Frontal: Escudo clásico de Superman en azul marino, con detalle de «Metropolis» y el número 38. Diseño Dorsal: Estampa de «SUPERMAN 38» en tipografía deportiva de gran tamaño. Detalles: Cuello redondo a la base y franjas dobles en las mangas en contraste azul marino.",38500,https://magicstore.com.ar/remera-oversized-superman-38/
663604,DC,Remera MC STN DC,Remera MC STN DC,XS-S-M-L-XL-XXL,1-2-2-2-2-1,12500,sku,1.00,si,Remera Superman Varsity,663604-azul,https://magicstore.com.ar/wp-content/uploads/2026/04/0211-scaled.jpg,"¡Llevá el orgullo de Metrópolis con vos! Esta Remera de Superman estilo Varsity es la combinación perfecta entre la estética retro de las universidades americanas y el fanatismo por el Hombre de Acero. Con un diseño de cuello y puños a contratono (estilo ringer), es la prenda ideal para un look urbano, cómodo y con mucha personalidad. Características del Producto: Diseño Exclusivo: Estampa frontal con tipografía tipo «Varsity», el logo clásico de Superman y la leyenda «Metropolis». Corte Regular Fit: Calce estándar que asegura comodidad y libertad de movimiento para el uso diario. Detalles Ringer: Cuello y terminación de mangas con ribete elástico a contratono que resalta el diseño.",29999,https://magicstore.com.ar/remera-superman-varsity-2/
663605,HARRY POTTER,Remera Oversize MC STN HP,Remera Oversize MC STN HP,XS-S-M-L-XL-XXL,1-2-2-2-2-1,15990,sku,1.00,si,Remera Raglan Hogwarts school list,663605-gris,https://magicstore.com.ar/wp-content/uploads/2026/04/301-1.jpg,"¿Todavía esperando tu carta de Hogwarts? Llevá la magia con vos a donde vayas con esta remera de diseño exclusivo. Esta remera manga raglan combina un estilo urbano y relajado con tu fanatismo por el mundo mágico. Al frente, presenta un diseño sutil y minimalista con el clásico Sombrero Seleccionador. Pero la verdadera magia ocurre cuando te das vuelta: la espalda cuenta con una estampa espectacular y súper detallada que ilustra la Lista de Útiles Oficial de Hogwarts para los alumnos de primer año (con los detalles del uniforme, los libros de hechizos y el equipamiento).",38500,https://magicstore.com.ar/remera-raglan-hogwarts-school-list-2/
663606,HARRY POTTER,Remera MC STN HP,Remera MC STN HP,XS-S-M-L-XL-XXL,1-2-2-2-2-1,13990,fuzzy,0.75,si,Remera Harry Potter,87502%rojo,https://magicstore.com.ar/wp-content/uploads/2025/02/87502.webp,"¡Muestra tu magia con esta increíble remera de Harry Potter! Con un diseño único que captura la esencia del mundo mágico, esta camiseta es perfecta para los fanáticos de la famosa saga. Confeccionada en un tejido suave y cómodo, es ideal para llevar en cualquier ocasión, ya sea para un día casual o para mostrar tu amor por Hogwarts. El estampado presenta elementos icónicos como la varita de Harry, el logo de las casas o las reliquias de la muerte, dándole un toque auténtico que te hará sentir parte del mundo mágico. ¡Prepárate para un día lleno de hechizos y aventuras!",23999,https://magicstore.com.ar/remera-harry-potter-2/
663607,HARRY POTTER,Remera MC STN HP,Remera MC STN HP,XS-S-M-L-XL-XXL,1-2-2-2-2-1,13990,sku,1.00,si,Remera Reliquias de la Muerte con Costura Contraste,663607-gris,https://magicstore.com.ar/wp-content/uploads/2026/04/hp12-1.jpg,"Lucí el poder de la leyenda de los Tres Hermanos con esta remera de algodón premium. Presenta un logo sutil de las Reliquias de la Muerte en el frente y una estampa impactante y detallada en la espalda. Su detalle más exclusivo son las costuras bordadoras en hilo contraste en cuello, mangas y dobladillo, aportando un toque urbano y de diseño superior. ¡Una prenda indispensable y llena de estilo para cualquier Potterhead que busca calidad!",33999,https://magicstore.com.ar/remera-reliquias-de-la-muerte-con-costura-contraste-3/
663608,HARRY POTTER,Remera Oversize MC STN HP,Remera Oversize MC STN HP,XS-S-M-L-XL-XXL,1-2-2-2-2-1,14990,sku,1.00,si,Remera Oversize Hogwarts Quidditch,663608-negro,https://magicstore.com.ar/wp-content/uploads/2026/04/jpp-1.jpg,"Elevá tu estilo urbano con esta remera oversize de algodón premium en tono crema. Diseñada para quienes buscan integrar la estética de la saga a su guardarropa de forma sutil y moderna, esta prenda destaca por su estampa frontal monocromática con un exclusivo efecto gamuza en relieve, aportando textura y sofisticación al diseño. Su corte holgado y de hombros caídos garantiza una caída impecable y confort superior para el uso diario.",35999,https://magicstore.com.ar/remera-oversize-hogwarts-quidditch-2/
663609,HARRY POTTER,Remera Oversize MC STN HP,Remera Oversize MC STN HP,XS-S-M-L-XL-XXL,1-2-2-2-2-1,16990,sku,1.00,si,Remera Vintage Harry Potter Oversize,663609-negro,https://magicstore.com.ar/wp-content/uploads/2026/04/0068-scaled.jpg,"Llevá tu fanatismo por la saga al próximo nivel con esta remera de Harry Potter estilo vintage. Diseñada para destacar, cuenta con un imponente gráfico frontal inspirado en el Ministerio de Magia (Ministry of Magic), acompañado de detalles icónicos y oscuros como la Marca Tenebrosa. Su tratamiento acid wash (efecto lavado/desgastado) le da ese look retro y urbano que es tendencia esta temporada. Ideal para armar un outfit relajado con jeans, zapatillas y mucha actitud mágica. Características principales: Corte: Relaxed fit (ligeramente holgada) para máxima comodidad y un estilo streetwear impecable. Material: 100% Algodón de primera calidad con proceso de lavado acid wash, lo que hace que cada prenda tenga un tramado único. Estampa: Diseño frontal en serigrafía de alta durabilidad con tipografía clásica, la serpiente, el león y elementos del universo de J.K. Rowling.",40999,https://magicstore.com.ar/remera-vintage-harry-potter-oversize-2/
667984,MARVEL,Boxer STN MARVEL,Boxer STN MARVEL,XS-S-M-L-XL-XXL,1-2-2-2-2-1,6500,fuzzy,0.67,si,Boxer Marvel,80786-gris,https://magicstore.com.ar/wp-content/uploads/2025/05/80786-C-scaled.webp,"¡Lleva el poder de tus héroes favoritos contigo todos los días! Este boxer oficial de Marvel combina comodidad y estilo en una prenda ideal para fanáticos. Confeccionado en suave algodón con elastano, se adapta perfectamente al cuerpo brindando libertad de movimiento y frescura. Su cintura con elástico personalizado añade un toque distintivo y asegura un calce firme sin perder confort. Perfecto para uso diario o para regalar a cualquier amante del universo Marvel.",9999,https://magicstore.com.ar/boxer-marvel-2/
667988,MARVEL,Boxer STN Marvel,Boxer STN Marvel,XS-S-M-L-XL-XXL,1-2-2-2-2-1,6500,fuzzy,0.67,si,Boxer Marvel,80786-gris,https://magicstore.com.ar/wp-content/uploads/2025/05/80786-C-scaled.webp,"¡Lleva el poder de tus héroes favoritos contigo todos los días! Este boxer oficial de Marvel combina comodidad y estilo en una prenda ideal para fanáticos. Confeccionado en suave algodón con elastano, se adapta perfectamente al cuerpo brindando libertad de movimiento y frescura. Su cintura con elástico personalizado añade un toque distintivo y asegura un calce firme sin perder confort. Perfecto para uso diario o para regalar a cualquier amante del universo Marvel.",9999,https://magicstore.com.ar/boxer-marvel-2/
81429,AVENGERS,Boxer Premium Avengers,Boxer Premium Avengers,4-6-8-10-12,2-2-2-1-1,3990,fuzzy,0.50,si,Boxer Avengers niños,81405-rojo,https://magicstore.com.ar/wp-content/uploads/2026/02/0270-scaled.jpg,"Boxer infantil rojo, confeccionado en tela de alta calidad que ofrece suavidad y confort para el contacto directo con la piel. Diseño divertido con estampado de los rostros de Avengers y cintura elástica a tono, ideal para el uso cotidiano y garantizar seguridad en cada movimiento. Su tejido flexible y respirable garantiza un calce perfecto y frescura durante todo el día. Fácil de lavar y resistente, perfecto para renovar la ropa interior de los más chicos con sus personajes favoritos.",9999,https://magicstore.com.ar/boxer-avengers-ninos/
81418,AVENGERS,Campera abrigo Avengers,Campera abrigo Avengers,4-6-8-10-12,1-2-2-2-1,44990,fuzzy,0.50,si,Campera de abrigo Siré,43425-negro,https://magicstore.com.ar/wp-content/uploads/2026/04/t1-3.webp,"Preparalos para los días más fríos con nuestra Campera Inflable Puffer Brillante. Es la combinación perfecta entre estilo moderno y máxima protección térmica. Gracias a su acabado tipo charol/siré, no solo es tendencia, sino que también es súper fácil de limpiar y resistente al viento. Características Principales: Interior de Corderito: Forrada íntegramente en suave corderito premium para mantener el calor corporal en todo momento. Acabado Brillante (Siré): Un look moderno que destaca y repele la humedad superficial. Capucha Protectora: Amplia y forrada, ideal para proteger orejas y cabeza del frío intenso. Diseño Puffer: Estilo inflable con costuras horizontales que aseguran que el relleno se mantenga en su lugar. Cierre Reforzado: Cremallera frontal completa para facilitar el cambiado de los niños.",59999,https://magicstore.com.ar/campera-de-abrigo-sire/
81604,MICKEY,Campera abrigo Mickey,Campera abrigo Mickey,2-4-6-8,1-2-2-1,44990,fuzzy,0.50,si,Campera de abrigo Siré,43425-negro,https://magicstore.com.ar/wp-content/uploads/2026/04/t1-3.webp,"Preparalos para los días más fríos con nuestra Campera Inflable Puffer Brillante. Es la combinación perfecta entre estilo moderno y máxima protección térmica. Gracias a su acabado tipo charol/siré, no solo es tendencia, sino que también es súper fácil de limpiar y resistente al viento. Características Principales: Interior de Corderito: Forrada íntegramente en suave corderito premium para mantener el calor corporal en todo momento. Acabado Brillante (Siré): Un look moderno que destaca y repele la humedad superficial. Capucha Protectora: Amplia y forrada, ideal para proteger orejas y cabeza del frío intenso. Diseño Puffer: Estilo inflable con costuras horizontales que aseguran que el relleno se mantenga en su lugar. Cierre Reforzado: Cremallera frontal completa para facilitar el cambiado de los niños.",59999,https://magicstore.com.ar/campera-de-abrigo-sire/
83002,MINNIE,Campera Abrigo Minnie,Campera Abrigo Minnie,4-6-8-10-12,1-2-2-2-1,44990,fuzzy,0.50,si,Campera de abrigo Siré,43425-negro,https://magicstore.com.ar/wp-content/uploads/2026/04/t1-3.webp,"Preparalos para los días más fríos con nuestra Campera Inflable Puffer Brillante. Es la combinación perfecta entre estilo moderno y máxima protección térmica. Gracias a su acabado tipo charol/siré, no solo es tendencia, sino que también es súper fácil de limpiar y resistente al viento. Características Principales: Interior de Corderito: Forrada íntegramente en suave corderito premium para mantener el calor corporal en todo momento. Acabado Brillante (Siré): Un look moderno que destaca y repele la humedad superficial. Capucha Protectora: Amplia y forrada, ideal para proteger orejas y cabeza del frío intenso. Diseño Puffer: Estilo inflable con costuras horizontales que aseguran que el relleno se mantenga en su lugar. Cierre Reforzado: Cremallera frontal completa para facilitar el cambiado de los niños.",59999,https://magicstore.com.ar/campera-de-abrigo-sire/
81066,SPIDERMAN,Chaleco abrigo Spiderman,Chaleco abrigo Spiderman,4-6-8-10-12,1-2-2-2-1,34990,fuzzy,0.67,si,Chaleco de abrigo,50073,https://magicstore.com.ar/wp-content/uploads/2025/03/chaleco-azul-1.jpg,"Chaleco de abrigo, diseñado para ofrecer comodidad y protección adicional durante los días frescos. Su corte sin mangas permite mayor libertad de movimiento, mientras que su material de abrigo brinda calidez. Perfecto para combinar con camisetas, buzos o chaquetas, logrando un look casual y cómodo para los más chicos en cualquier temporada.",67500,https://magicstore.com.ar/chaleco-de-abrigo/
83208,STITCH,Campera abrigo Stitch,Campera abrigo Stitch,2-4-6-8-10-12-14-16,1-2-2-2-2-2-2-1,44990,fuzzy,0.50,si,Campera de abrigo Siré,43425-negro,https://magicstore.com.ar/wp-content/uploads/2026/04/t1-3.webp,"Preparalos para los días más fríos con nuestra Campera Inflable Puffer Brillante. Es la combinación perfecta entre estilo moderno y máxima protección térmica. Gracias a su acabado tipo charol/siré, no solo es tendencia, sino que también es súper fácil de limpiar y resistente al viento. Características Principales: Interior de Corderito: Forrada íntegramente en suave corderito premium para mantener el calor corporal en todo momento. Acabado Brillante (Siré): Un look moderno que destaca y repele la humedad superficial. Capucha Protectora: Amplia y forrada, ideal para proteger orejas y cabeza del frío intenso. Diseño Puffer: Estilo inflable con costuras horizontales que aseguran que el relleno se mantenga en su lugar. Cierre Reforzado: Cremallera frontal completa para facilitar el cambiado de los niños.",59999,https://magicstore.com.ar/campera-de-abrigo-sire/
88120,PAW PATROL,Campera abrigo Paw patrol,Campera abrigo Paw patrol,2-4-6-8,1-2-2-1,44990,slug,1.00,si,Campera Abrigo Paw Patrol,88078leste,https://magicstore.com.ar/wp-content/uploads/2025/01/magik-2305081.jpg,"Campera de siré sublimado con capucha fija, forrada con piel. Esta campera combina estilo y funcionalidad, confeccionada en siré sublimado que garantiza un diseño vibrante y resistente. Su capucha fija brinda mayor protección, mientras que el forro de piel mantiene el calor, proporcionando comodidad y abrigo durante los días fríos. Ideal para los más pequeños, combinando confort y un toque moderno en su look.",60000,https://magicstore.com.ar/campera-abrigo-paw-patrol/
84059,HELLO KITTY,Campera abrigo Hello kitty,Campera abrigo Hello kitty,4-6-8-10-12,2-2-2-1-1,44990,fuzzy,0.50,si,campera Kitty,84008%rosa,https://magicstore.com.ar/wp-content/uploads/2025/02/KITTY-ART.84008.jpg,"¡La campera perfecta para destacar! Con un diseño fresco y moderno, esta campera rosa es ideal para quienes quieren añadir un toque de color y estilo a su look. Hecha con materiales suaves y abrigados, es perfecta para mantener el confort sin perder el estilo. Con actitud y un toque de frescura, es la prenda que no puede faltar en tu guardarropa. 💖✨",49500,https://magicstore.com.ar/campera-kitty/
85552,SONIC,Campera Sonic,Campera Sonic,4-6-8-10-12-14,1-2-2-2-2-1,24990,sku,1.00,si,Campera con capucha Sonic,85552-francia,https://magicstore.com.ar/wp-content/uploads/2026/02/855521-1.jpg,"Esta campera con cierre (tipo hoodie) es el abrigo perfecto para los fanáticos de Sonic. Al tener cierre completo, es súper práctica para ponerse y sacarse, ideal para los cambios de temperatura o para usar abierta sobre una remera. Cierre completo metálico frontal para mayor comodidad. Dos bolsillos tipo canguro delanteros. Capucha forrada para mejor terminación. Confeccionada en frisa de algodón, suave, abrigada y resistente.",54999,https://magicstore.com.ar/campera-con-capucha-sonic/
87054,DC,Campera abrigo DC,Campera abrigo DC,4-6-8-10-12,1-2-2-2-1,44990,fuzzy,0.67,si,Campera de abrigo Siré,43425-negro,https://magicstore.com.ar/wp-content/uploads/2026/04/t1-3.webp,"Preparalos para los días más fríos con nuestra Campera Inflable Puffer Brillante. Es la combinación perfecta entre estilo moderno y máxima protección térmica. Gracias a su acabado tipo charol/siré, no solo es tendencia, sino que también es súper fácil de limpiar y resistente al viento. Características Principales: Interior de Corderito: Forrada íntegramente en suave corderito premium para mantener el calor corporal en todo momento. Acabado Brillante (Siré): Un look moderno que destaca y repele la humedad superficial. Capucha Protectora: Amplia y forrada, ideal para proteger orejas y cabeza del frío intenso. Diseño Puffer: Estilo inflable con costuras horizontales que aseguran que el relleno se mantenga en su lugar. Cierre Reforzado: Cremallera frontal completa para facilitar el cambiado de los niños.",59999,https://magicstore.com.ar/campera-de-abrigo-sire/
43508,GIRLS,Campera abrigo PST Girls,Campera abrigo PST Girls,8-10-12-14-16,1 X TALLE,29990,sku,1.00,si,CAMPERA DE SIRÉ,43508,https://magicstore.com.ar/wp-content/uploads/2025/03/mgk-prod115338.webp,"Campera de abrigo de siré opaco. Confeccionada en material resistente y abrigado, ideal para los días fríos. Diseño elegante y funcional, disponible en varias tallas.",59999,https://magicstore.com.ar/campera-de-sire/
70001,COLEGIAL,Remera MC Lisa PST COLEGIAL,Remera MC Lisa PST COLEGIAL,2-4-6-8-10-12-14-16,1 X TALLE,4990,sku,1.00,si,Remera algodón lisa,70001,https://magicstore.com.ar/wp-content/uploads/2025/01/Mesa-de-trabajo-1-5.jpg,"Remera de algodón lisa, manga corta. Confeccionada en suave algodón de alta calidad que brinda frescura y comodidad durante todo el día. Diseño clásico con manga corta y corte recto que favorece a cualquier tipo de cuerpo. Su acabado liso y versátil la convierte en una prenda básica imprescindible en tu guardarropa, perfecta para combinar con cualquier look. Ideal para uso casual, deportivo o como base para outfits más elaborados.",11900,https://magicstore.com.ar/remera-colegial/
70002,COLEGIAL,Buzo CR PST COLEGIAL,Buzo CR PST COLEGIAL,2-4-6-8-10-12-14-16,1 X TALLE,9990,sku,1.00,si,Buzo de frisa liso tipo escolar T2 &#8211; T16,70002,https://magicstore.com.ar/wp-content/uploads/2025/01/buzo-bordo-1.jpg,"Abrigo, suavidad y comodidad para todos los días. Este buzo de frisa liso tipo escolar es ideal para acompañar a niños y adolescentes durante los días fríos. Confeccionado en frisa de excelente calidad, su interior afelpado brinda un abrigo suave y confortable, perfecto para el uso escolar y cotidiano. 🔹 Características principales: Tela de frisa suave por dentro y resistente por fuera Diseño liso sin estampas, apto para uniforme escolar Cuello redondo Puños y cintura elastizados para un calce seguro Costuras reforzadas para soportar el uso intensivo Un básico indispensable en la temporada otoño-invierno. Ideal para combinar con joggings escolares, jeans o calzas. Disponible en talles infantiles y juveniles, y en colores clásicos que combinan con todo. 🎯 Recomendado para: uniforme escolar, uso diario, actividades al aire libre, días frescos.",23800,https://magicstore.com.ar/buzo-frisa-liso-escolar-2/
70003,COLEGIAL,Campera Capucha PST COLEGIAL,Campera Capucha PST COLEGIAL,2-4-6-8-10-12-14-16,1 X TALLE,14990,sku,1.00,si,Campera de frisa lisa tipo escolar T2 &#8211; T16,70003,https://magicstore.com.ar/wp-content/uploads/2025/01/Mesa-de-trabajo-1.png,"Nuestra campera rústica lisa tipo escolar para niño es la prenda ideal para acompañar a los más chicos en días frescos, dentro y fuera del colegio. Confeccionada en algodón rústico con frisa suave, ofrece un abrigo liviano pero efectivo, perfecto para la rutina escolar. Diseñada con un estilo clásico y liso, sin estampas ni logos, cumple con las normas de vestimenta escolar y es muy fácil de combinar. Incluye cierre frontal completo, capucha forrada y bolsillos tipo canguro, que suman funcionalidad y confort. Características principales: Material: Frisa Diseño: Liso, sin estampas Cierre: Frontal completo Bolsillos: Tipo canguro Talles: S, M, L, XL Beneficios para padres y chicos: ✔️ Ideal para el colegio y uso diario ✔️ Suave al tacto, no pica ni molesta ✔️ Fácil de poner y sacar gracias al cierre ✔️ No se encoge ni pierde color al lavar 🧼 Cuidados recomendados: Lavar del revés con agua fría. No usar blanqueador. Secar a baja temperatura o al aire libre.",37300,https://magicstore.com.ar/campera-frisa-lisa-escolar-2/
70004,COLEGIAL,Jogging S/Puño Recto PST COLEGIAL,Jogging S/Puño Recto PST COLEGIAL,2-4-6-8-10-12-14-16,1 X TALLE,9990,sku,1.00,si,Jogging de frisa recto liso tipo escolar T2 &#8211; T16,70004,https://magicstore.com.ar/wp-content/uploads/2025/01/JOPGGING-1.png,"Comodidad, libertad de movimiento y estilo clásico. Este jogging recto rústico liso tipo escolar es una prenda esencial para el día a día. Diseñado especialmente para ofrecer confort durante las actividades escolares y recreativas, está confeccionado en tela rústica de alta calidad, fresca pero resistente. 🔹 Características destacadas: Corte recto clásico: no se ajusta al tobillo Tela de frisa suave y cómoda (ideal para invierno) Cintura con elástico Sin estampados ni detalles: ideal para uniforme escolar Costuras duraderas y terminaciones prolijas 🎯 Usos recomendados: uniforme escolar, actividades al aire libre, deportes y uso diario. 📏 Disponible en talle 2, 4, 6, 8, 10, 12, 14, 16 Colores básicos que combinan con todo.",23800,https://magicstore.com.ar/jogging-frisa-recto-liso-escolar/
70005,COLEGIAL,Jogging C/Puño PST COLEGIAL,Jogging C/Puño PST COLEGIAL,2-4-6-8-10-12-14-16,1 X TALLE,10990,sku,1.00,si,Jogging de frisa liso tipo escolar T2 &#8211; T16,70005,https://magicstore.com.ar/wp-content/uploads/2025/01/jogging-1-1.png,"¡Comodidad y practicidad para todos los días! Este jogging de frisa liso tipo escolar es ideal para acompañar a niños y adolescentes en su rutina escolar y actividades recreativas. Confeccionado en frisa de excelente calidad, brinda un equilibrio perfecto entre abrigo, suavidad y durabilidad. 🟢 Características principales: Material: Frisa suave y abrigada Diseño liso y clásico, ideal para uso escolar Cintura elástica con cordón ajustable Puños elastizados para mayor comodidad Costuras reforzadas para mayor resistencia al uso diario Disponible en una amplia variedad de talles y colores neutros, este jogging es una prenda básica imprescindible en cualquier guardarropa escolar. 💡 Recomendado para: uso diario, uniforme escolar, deportes y actividades al aire libre.",26800,https://magicstore.com.ar/jogging-frisa-liso-escolar-2/
70006,COLEGIAL,Calza Larga Lisa PST COLEGIAL,Calza Larga Lisa PST COLEGIAL,2-4-6-8-10-12-14-16,1 X TALLE,7500,sku,1.00,si,Calza de algodón lisa tipo escolar  T2 &#8211; T16,70006,https://magicstore.com.ar/wp-content/uploads/2025/01/calza-azul.png,"Descubre nuestra calza de algodón tipo escolar lisa, perfecta para acompañar a niñas y adolescentes en su rutina diaria. Confeccionada en algodón suave de alta calidad, esta prenda ofrece el equilibrio ideal entre comodidad, durabilidad y ajuste perfecto. Su diseño liso y clásico la convierte en una opción versátil para combinar con cualquier uniforme escolar o ropa casual. Ideal para días activos, esta calza permite libertad de movimiento gracias a su tejido elástico y transpirable. Características principales: Material: 95% algodón, 5% elastano Diseño: Liso, sin estampados Ajuste: Elástico en cintura para mayor comodidad Uso recomendado: Escolar, actividades diarias, deporte ligero Tallas: Disponibles desde la 2 hasta la 16 Beneficios: ✔️ No se deforma tras los lavados ✔️ Suavidad al contacto con la piel ✔️ Ideal para climas templados y cálidos Recomendaciones de cuidado: Lavar a máquina con agua fría. No usar blanqueador. Secar a baja temperatura.",17900,https://magicstore.com.ar/calza-algodon-lisa-escolar-2/
70007,COLEGIAL,Calza Biker PST COLEGIAL,Calza Biker PST COLEGIAL,2-4-6-8-10-12-14-16,1 X TALLE,4990,sku,1.00,si,Ciclista algodon,70007,https://magicstore.com.ar/wp-content/uploads/2025/01/ciclista-1-1.jpg,"Ciclista confeccionado en suave mezcla de algodón y elastano. Diseño ajustado que proporciona soporte y libertad de movimiento. Su composición garantiza comodidad y elasticidad durante todo el día. Ideal para actividades deportivas o uso casual, adaptándose perfectamente a tu figura.",11900,https://magicstore.com.ar/ciclista-colegial/
70008,COLEGIAL,Chomba MC PST COLEGIAL,Chomba MC PST COLEGIAL,2-4-6-8-10-12-14-16,1 X TALLE,7500,sku,1.00,si,Chomba pique lisa,70008,https://magicstore.com.ar/wp-content/uploads/2025/01/chomba-1.jpg,"Chomba de piqué lisa. Manga corta. Confeccionada en elegante tejido de piqué que brinda frescura, comodidad y un acabado de calidad superior. Diseño clásico con cuello y botones que aporta un estilo sofisticado y versátil. Su manga corta la hace ideal para días cálidos, mientras que su textura de piqué garantiza durabilidad y una apariencia impecable. Perfecta para ocasiones casuales con un toque de distinción, eventos informales o para un look deportivo con estilo.",17900,https://magicstore.com.ar/chomba-colegial/
70010,COLEGIAL,Short Rustico PST COLEGIAL,Short Rustico PST COLEGIAL,2-4-6-8-10-12-14-16,1 X TALLE,7500,sku,1.00,si,Short rústico,70010,https://magicstore.com.ar/wp-content/uploads/2025/01/short-marino-1.jpg,"Short rústico, con elástico en cintura. Liso. Confeccionado en resistente tela rústica que combina durabilidad y confort para el uso diario. Diseño práctico con elástico en la cintura que garantiza un ajuste cómodo y seguro. Su estilo liso y versátil permite combinarlo fácilmente con diferentes prendas. Ideal para días casuales, actividades al aire libre o momentos de relax, ofreciendo libertad de movimiento con un acabado de calidad.",17900,https://magicstore.com.ar/short-rustico-colegial/
70012,COLEGIAL,Buzo CR RUSTICO PST COLEGIAL,Buzo CR RUSTICO PST COLEGIAL,2-4-6-8-10-12-14-16,1 X TALLE,9990,sku,1.00,si,Buzo rústico liso tipo escolar T2 &#8211; T16,70012,https://magicstore.com.ar/wp-content/uploads/2025/01/Gemini_Generated_Image_b4j9n6b4j9n6b4j9-1.png,"Práctico, cómodo y perfecto para todos los días. Este buzo rústico liso tipo escolar es una prenda esencial en el uniforme diario. Confeccionado en tela rústica de excelente calidad, ofrece una sensación de suavidad y libertad de movimiento ideal para niños y adolescentes. 🔹 Características principales: Tela rústica: liviana, resistente y de textura suave Diseño liso sin estampas: apto para uniforme escolar Cuello redondo clásico Puños y cintura con elástico para mejor ajuste Costuras reforzadas para mayor durabilidad Este buzo es ideal para usar en media estación o como capa extra durante el invierno. Disponible en colores neutros que combinan fácilmente con joggings, calzas o pantalones escolares. 🎯 Recomendado para: uniforme escolar, actividades recreativas, uso diario.",23800,https://magicstore.com.ar/buzo-rustico-liso-escolar/
70013,COLEGIAL,Campera Capucha RUSTICO PST COLEGIAL,Campera Capucha RUSTICO PST COLEGIAL,2-4-6-8-10-12-14-16,1 X TALLE,14990,sku,1.00,si,Campera rústico lisa tipo escolar T2 &#8211; T16,70013,https://magicstore.com.ar/wp-content/uploads/2025/01/camp-1.png,"Nuestra campera rústica lisa tipo escolar para niño es la prenda ideal para acompañar a los más chicos en días frescos, dentro y fuera del colegio. Confeccionada en algodón rústico con frisa suave, ofrece un abrigo liviano pero efectivo, perfecto para la rutina escolar. Diseñada con un estilo clásico y liso, sin estampas ni logos, cumple con las normas de vestimenta escolar y es muy fácil de combinar. Incluye cierre frontal completo, capucha forrada y bolsillos tipo canguro, que suman funcionalidad y confort. Características principales: Material: Algodón rústico Diseño: Liso, sin estampas Cierre: Frontal completo Bolsillos: Tipo canguro Talles: 2, 4, 6, 8, 10, 12, 14, 16 Beneficios para padres y chicos: ✔️ Ideal para el colegio y uso diario ✔️ Suave al tacto, no pica ni molesta ✔️ Fácil de poner y sacar gracias al cierre ✔️ No se encoge ni pierde color al lavar 🧼 Cuidados recomendados: Lavar del revés con agua fría. No usar blanqueador. Secar a baja temperatura o al aire libre.",37300,https://magicstore.com.ar/campera-rustico-lisa-escolar-2/
70014,COLEGIAL,Jogging S/Puño Recto Rustico PST COLEGIAL,Jogging S/Puño Recto Rustico PST COLEGIAL,2-4-6-8-10-12-14-16,1 X TALLE,9990,sku,1.00,si,Jogging recto rústico liso tipo escolar T2 &#8211; T16,70014,https://magicstore.com.ar/wp-content/uploads/2025/01/jogging-bordo-1.png,"Comodidad, libertad de movimiento y estilo clásico. Este jogging recto rústico liso tipo escolar es una prenda esencial para el día a día. Diseñado especialmente para ofrecer confort durante las actividades escolares y recreativas, está confeccionado en tela rústica de alta calidad, fresca pero resistente. 🔹 Características destacadas: Corte recto clásico: no se ajusta al tobillo Tela rústica suave y cómoda (ideal para media estación) Cintura con elástico Sin estampados ni detalles: ideal para uniforme escolar Costuras duraderas y terminaciones prolijas 🎯 Usos recomendados: uniforme escolar, actividades al aire libre, deportes y uso diario. 📏 Disponible en talle 2, 4, 6, 8, 10, 12, 14, 16 Colores básicos que combinan con todo.",23800,https://magicstore.com.ar/jogging-recto-rustico-liso-escolar-2/
70015,COLEGIAL,Jogging c/Puño Rustico PST COLEGIAL,Jogging c/Puño Rustico PST COLEGIAL,2-4-6-8-10-12-14-16,1 X TALLE,10990,sku,1.00,si,Jogging rústico liso tipo escolar T2 &#8211; T16,70015,https://magicstore.com.ar/wp-content/uploads/2025/01/jogging-verde-1.jpg,"El jogging rústico liso tipo escolar para niño es la prenda ideal para acompañar la rutina diaria de los más chicos. Fabricado en algodón rústico de alta calidad, ofrece una excelente combinación de comodidad, abrigo y resistencia. Su diseño liso, sin estampas, es perfecto para uso escolar, educación física o actividades recreativas. Gracias a su cintura con elástico y cordón regulable, se ajusta fácilmente a diferentes cuerpos, permitiendo libertad de movimiento durante todo el día. Características principales: Material: Algodón rústico Diseño: Liso, sin logos ni dibujos Cintura: Elástica con cordón ajustable Corte: Cómodo y recto Talles: 2, 4, 6, 8, 10, 12, 14, 16 Beneficios para padres y chicos: ✔️ Tela suave por dentro, resistente por fuera ✔️ Ideal para colegio, deporte o casa ✔️ No se encoge ni deforma tras los lavados ✔️ Fácil de combinar con buzos o camisetas Recomendaciones de cuidado: Lavar con agua fría, no usar cloro. Secar a la sombra o en secadora baja.",26800,https://magicstore.com.ar/jogging-rustico-liso-escolar/
71001,COLEGIAL,Remera MC Lisa PST COLEGIAL S-XL,Remera MC Lisa PST COLEGIAL S-XL,S-M-L-XL,1 X TALLE,6500,sku,1.00,si,Remera colegial para adolescente &#8211; POSTO,71001,https://magicstore.com.ar/wp-content/uploads/2026/01/remera-escolar-blanca-1.jpg,"Remera colegial blanca, confeccionada en tela de alta calidad que ofrece comodidad y resistencia para el uso diario escolar. Diseño clásico con cuello tipo polo y cierre de dos botones, ideal para uniformes escolares y actividades formales. Su tejido liviano y transpirable garantiza frescura durante todo el día. Fácil de combinar y mantener, perfecta para complementar el uniforme de cualquier institución educativa.",15500,https://magicstore.com.ar/remera-colegial-para-adolescente-posto/
71002,COLEGIAL,Buzo CR PST COLEGIAL S-XL,Buzo CR PST COLEGIAL S-XL,S-M-L-XL,1 X TALLE,14990,sku,1.00,si,Buzo de frisa liso tipo escolar S &#8211; XL,71002,https://magicstore.com.ar/wp-content/uploads/2025/01/buzo-verde-escolar-1.png,"Abrigo, suavidad y comodidad para todos los días. Este buzo de frisa liso tipo escolar es ideal para acompañar a niños y adolescentes durante los días fríos. Confeccionado en frisa de excelente calidad, su interior afelpado brinda un abrigo suave y confortable, perfecto para el uso escolar y cotidiano. 🔹 Características principales: Tela de frisa suave por dentro y resistente por fuera Diseño liso sin estampas, apto para uniforme escolar Cuello redondo Puños y cintura elastizados para un calce seguro Costuras reforzadas para soportar el uso intensivo Un básico indispensable en la temporada otoño-invierno. Ideal para combinar con joggings escolares, jeans o calzas. Disponible en talles infantiles y juveniles, y en colores clásicos que combinan con todo. 🎯 Recomendado para: uniforme escolar, uso diario, actividades al aire libre, días frescos.",35700,https://magicstore.com.ar/buzo-frisa-liso-escolar/
71003,COLEGIAL,Campera Capucha PST COLEGIAL S-XL,Campera Capucha PST COLEGIAL S-XL,S-M-L-XL,1 X TALLE,19990,sku,1.00,si,Campera de frisa lisa tipo escolar S &#8211; XL,71003,https://magicstore.com.ar/wp-content/uploads/2025/01/campera-frisa-bordo-1.jpg,"Nuestra campera rústica lisa tipo escolar para niño es la prenda ideal para acompañar a los más chicos en días frescos, dentro y fuera del colegio. Confeccionada en algodón rústico con frisa suave, ofrece un abrigo liviano pero efectivo, perfecto para la rutina escolar. Diseñada con un estilo clásico y liso, sin estampas ni logos, cumple con las normas de vestimenta escolar y es muy fácil de combinar. Incluye cierre frontal completo, capucha forrada y bolsillos tipo canguro, que suman funcionalidad y confort. Características principales: Material: Frisa Diseño: Liso, sin estampas Cierre: Frontal completo Bolsillos: Tipo canguro Talles: S, M, L, XL Beneficios para padres y chicos: ✔️ Ideal para el colegio y uso diario ✔️ Suave al tacto, no pica ni molesta ✔️ Fácil de poner y sacar gracias al cierre ✔️ No se encoge ni pierde color al lavar 🧼 Cuidados recomendados: Lavar del revés con agua fría. No usar blanqueador. Secar a baja temperatura o al aire libre.",47600,https://magicstore.com.ar/campera-frisa-lisa-escolar/
71004,COLEGIAL,Jogging S/Puño Recto PST COLEGIAL S-XL,Jogging S/Puño Recto PST COLEGIAL S-XL,S-M-L-XL,1 X TALLE,14990,sku,1.00,si,Jogging de frisa recto liso tipo escolar S &#8211; XL,71004,https://magicstore.com.ar/wp-content/uploads/2025/01/jogging-azul-1.png,"Comodidad, libertad de movimiento y estilo clásico. Este jogging recto rústico liso tipo escolar es una prenda esencial para el día a día. Diseñado especialmente para ofrecer confort durante las actividades escolares y recreativas, está confeccionado en tela rústica de alta calidad, fresca pero resistente. 🔹 Características destacadas: Corte recto clásico: no se ajusta al tobillo Tela de frisa suave y cómoda (ideal para invierno) Cintura con elástico Sin estampados ni detalles: ideal para uniforme escolar Costuras duraderas y terminaciones prolijas 🎯 Usos recomendados: uniforme escolar, actividades al aire libre, deportes y uso diario. 📏 Disponible en talle S, M, L, XL Colores básicos que combinan con todo.",35700,https://magicstore.com.ar/jogging-frisa-recto-liso-escolar-2/
71005,COLEGIAL,Jogging C/Puño PST COLEGIAL S-XL,Jogging C/Puño PST COLEGIAL S-XL,S-M-L-XL,1 X TALLE,14990,sku,1.00,si,Jogging de frisa liso tipo escolar S &#8211; M,71005,https://magicstore.com.ar/wp-content/uploads/2025/01/FRISA-JOGGING-1.jpg,"¡Comodidad y practicidad para todos los días! Este jogging de frisa liso tipo escolar es ideal para acompañar a niños y adolescentes en su rutina escolar y actividades recreativas. Confeccionado en frisa de excelente calidad, brinda un equilibrio perfecto entre abrigo, suavidad y durabilidad. 🟢 Características principales: Material: Frisa suave y abrigada Diseño liso y clásico, ideal para uso escolar Cintura elástica con cordón ajustable Puños elastizados para mayor comodidad Costuras reforzadas para mayor resistencia al uso diario Disponible en una amplia variedad de talles y colores neutros, este jogging es una prenda básica imprescindible en cualquier guardarropa escolar. 💡 Recomendado para: uso diario, uniforme escolar, deportes y actividades al aire libre.",38700,https://magicstore.com.ar/jogging-frisa-liso-escolar/
71006,COLEGIAL,Calza Larga Lisa PST COLEGIAL S-XL,Calza Larga Lisa PST COLEGIAL S-XL,S-M-L-XL,1 X TALLE,9500,sku,1.00,si,Calza de algodón lisa tipo escolar S &#8211; XL,71006,https://magicstore.com.ar/wp-content/uploads/2025/01/calza-gris-1.jpg,"Descubre nuestra calza de algodón tipo escolar lisa, perfecta para acompañar a niñas y adolescentes en su rutina diaria. Confeccionada en algodón suave de alta calidad, esta prenda ofrece el equilibrio ideal entre comodidad, durabilidad y ajuste perfecto. Su diseño liso y clásico la convierte en una opción versátil para combinar con cualquier uniforme escolar o ropa casual. Ideal para días activos, esta calza permite libertad de movimiento gracias a su tejido elástico y transpirable. Características principales: Material: 95% algodón, 5% elastano Diseño: Liso, sin estampados Ajuste: Elástico en cintura para mayor comodidad Uso recomendado: Escolar, actividades diarias, deporte ligero Tallas: Disponibles desde el S hasta la XL Beneficios: ✔️ No se deforma tras los lavados ✔️ Suavidad al contacto con la piel ✔️ Ideal para climas templados y cálidos Recomendaciones de cuidado: Lavar a máquina con agua fría. No usar blanqueador. Secar a baja temperatura.",22500,https://magicstore.com.ar/calza-algodon-lisa-escolar/
71007,COLEGIAL,Calza Biker PST COLEGIAL S-XL,Calza Biker PST COLEGIAL S-XL,S-M-L-XL,1 X TALLE,5990,sku,1.00,si,Ciclista colegial adolescente,71007%azul,https://magicstore.com.ar/wp-content/uploads/2025/01/ciclista-gris-1.jpg,"Esta ciclista colegial es la prenda perfecta para mantenerte cómodo y con estilo durante tu día en el colegio. Confeccionada en un material elástico y suave, se adapta perfectamente al cuerpo, ofreciendo libertad de movimiento y comodidad. Su diseño sencillo y discreto, sin detalles innecesarios, la hace ideal para cumplir con el código de vestimenta escolar, mientras que su corte clásico y ajuste perfecto asegura una apariencia ordenada. Disponible en colores neutros, esta ciclista es una opción práctica y versátil, perfecta para combinar con otras prendas del uniforme y disfrutar de un look cómodo durante todo el día.",14900,https://magicstore.com.ar/ciclista-colegial-adolescente/
71008,COLEGIAL,Chomba MC PST COLEGIAL S-XL,Chomba MC PST COLEGIAL S-XL,S-M-L-XL,1 X TALLE,9990,sku,1.00,si,Chomba colegial adolescente,71008%blanca,https://magicstore.com.ar/wp-content/uploads/2025/01/chomba-pique-1.png,"Esta chomba colegial es la prenda ideal para lucir ordenado y cómodo durante tu jornada escolar. Confeccionada en un tejido suave y de alta calidad, ofrece una sensación de frescura y confort todo el día. Su diseño clásico con cuello polo y botones al frente, junto a un corte ajustado pero cómodo, la convierte en una opción perfecta para cumplir con el código de vestimenta escolar sin perder estilo. Disponible en colores neutros y fáciles de combinar, esta chomba es versátil, ideal tanto para clases como para actividades extracurriculares, brindando siempre un look impecable y elegante.",23800,https://magicstore.com.ar/chomba-colegial-adolescente/
71010,COLEGIAL,Short Rustico PST COLEGIAL S - XL,Short Rustico PST COLEGIAL S - XL,S-M-L-XL,1 X TALLE,9990,sku,1.00,si,Short rústico adolescente,71010,https://magicstore.com.ar/wp-content/uploads/2025/01/short-rustico-azul-1.jpg,"Short rústico, con elástico en cintura. Liso. Confeccionado en resistente tela rústica que combina durabilidad y confort para el uso diario. Diseño práctico con elástico en la cintura que garantiza un ajuste cómodo y seguro. Su estilo liso y versátil permite combinarlo fácilmente con diferentes prendas. Ideal para días casuales, actividades al aire libre o momentos de relax, ofreciendo libertad de movimiento con un acabado de calidad.",24100,https://magicstore.com.ar/short-rustico-colegial-adolescente/
71012,COLEGIAL,Buzo CR RUSTICO PST COLEGIAL S-XL,Buzo CR RUSTICO PST COLEGIAL S-XL,S-M-L-XL,1 X TALLE,14990,sku,1.00,si,Buzo rústico liso tipo escolar S &#8211; XL,71012,https://magicstore.com.ar/wp-content/uploads/2025/01/buzo-gris-1.jpg,"Práctico, cómodo y perfecto para todos los días. Este buzo rústico liso tipo escolar es una prenda esencial en el uniforme diario. Confeccionado en tela rústica de excelente calidad, ofrece una sensación de suavidad y libertad de movimiento ideal para niños y adolescentes. 🔹 Características principales: Tela rústica: liviana, resistente y de textura suave Diseño liso sin estampas: apto para uniforme escolar Cuello redondo clásico Puños y cintura con elástico para mejor ajuste Costuras reforzadas para mayor durabilidad Este buzo es ideal para usar en media estación o como capa extra durante el invierno. Disponible en colores neutros que combinan fácilmente con joggings, calzas o pantalones escolares. 🎯 Recomendado para: uniforme escolar, actividades recreativas, uso diario.",35700,https://magicstore.com.ar/buzo-rustico-liso-escolar-2/
71013,COLEGIAL,Campera Capucha RUSTICO PST COLEGIAL S-XL,Campera Capucha RUSTICO PST COLEGIAL S-XL,S-M-L-XL,1 X TALLE,19990,sku,1.00,si,Campera rústico lisa tipo escolar S &#8211; XL,71013,https://magicstore.com.ar/wp-content/uploads/2025/01/campera-verde.jpg,"Nuestra campera rústica lisa tipo escolar para niño es la prenda ideal para acompañar a los más chicos en días frescos, dentro y fuera del colegio. Confeccionada en algodón rústico con frisa suave, ofrece un abrigo liviano pero efectivo, perfecto para la rutina escolar. Diseñada con un estilo clásico y liso, sin estampas ni logos, cumple con las normas de vestimenta escolar y es muy fácil de combinar. Incluye cierre frontal completo, capucha forrada y bolsillos tipo canguro, que suman funcionalidad y confort. Características principales: Material: Algodón rústico Diseño: Liso, sin estampas Cierre: Frontal completo Bolsillos: Tipo canguro Talles: S, M, L, XL Beneficios para padres y chicos: ✔️ Ideal para el colegio y uso diario ✔️ Suave al tacto, no pica ni molesta ✔️ Fácil de poner y sacar gracias al cierre ✔️ No se encoge ni pierde color al lavar 🧼 Cuidados recomendados: Lavar del revés con agua fría. No usar blanqueador. Secar a baja temperatura o al aire libre.",47600,https://magicstore.com.ar/campera-rustico-lisa-escolar/
71015,COLEGIAL,Jogging c/Puño Rustico PST COLEGIAL S-XL,Jogging c/Puño Rustico PST COLEGIAL S-XL,S-M-L-XL,1 X TALLE,14990,sku,1.00,si,Jogging rústico liso tipo escolar S &#8211; XL,71015,https://magicstore.com.ar/wp-content/uploads/2025/01/jogging-con-puno-1.jpg,"El jogging rústico liso tipo escolar para niño es la prenda ideal para acompañar la rutina diaria de los más chicos. Fabricado en algodón rústico de alta calidad, ofrece una excelente combinación de comodidad, abrigo y resistencia. Su diseño liso, sin estampas, es perfecto para uso escolar, educación física o actividades recreativas. Gracias a su cintura con elástico y cordón regulable, se ajusta fácilmente a diferentes cuerpos, permitiendo libertad de movimiento durante todo el día. Características principales: Material: Algodón rústico Diseño: Liso, sin logos ni dibujos Cintura: Elástica con cordón ajustable Corte: Cómodo y recto Talles: S, M, L, XL Beneficios para padres y chicos: ✔️ Tela suave por dentro, resistente por fuera ✔️ Ideal para colegio, deporte o casa ✔️ No se encoge ni deforma tras los lavados ✔️ Fácil de combinar con buzos o camisetas Recomendaciones de cuidado: Lavar con agua fría, no usar cloro. Secar a la sombra o en secadora baja.",38700,https://magicstore.com.ar/jogging-rustico-liso-escolar-2/
71020,COLEGIAL,Campera POLAR PST COLEGIAL S-XL,Campera POLAR PST COLEGIAL S-XL,S-M-L-XL,1 X TALLE,18990,sku,1.00,si,Campera polar adolescente,71020,https://magicstore.com.ar/wp-content/uploads/2025/01/campera-polar-1.jpg,"Esta campera polar colegial es la opción perfecta para los días fríos, combinando calidez y estilo en una prenda práctica y cómoda. Fabricada con material polar de alta calidad, ofrece un abrigo suave y ligero, ideal para mantenerte cómodo durante tus horas de clase o actividades al aire libre. Su diseño sencillo y elegante, sin detalles extra, se adapta perfectamente al código de vestimenta escolar, mientras que su cierre frontal y puños ajustados aseguran que el frío quede afuera. Ideal para llevar sobre el uniforme, esta campera polar es una opción versátil para completar tu look escolar en los días más frescos.",44600,https://magicstore.com.ar/campera-polar-adolescente/
50068,COLEGIAL,CAMPERA ABRIGO PST Boys,CAMPERA ABRIGO PST Boys,4-6-8-10-12-14-16,1-1-2-2-2-2-2,29990,sku,1.00,si,Campera de siré con capucha fija e interior forrado con piel,50068,https://magicstore.com.ar/wp-content/uploads/2025/03/casmpera-1.jpg,"Campera de siré con capucha fija e interior forrado con piel, diseñada para mantener a los más chicos abrigados y cómodos en días fríos. El material de siré ofrece resistencia y durabilidad, mientras que el interior forrado con piel brinda un extra de calidez. Su capucha fija ofrece protección adicional, convirtiéndola en la opción perfecta para el invierno.",80900,https://magicstore.com.ar/campera-de-sire-con-capucha-fija-e-interior-forrado-con-piel/
50073,COLEGIAL,Chaleco PST Boys,Chaleco PST Boys,4-6-8-10-12-14-16,1-1-2-2-2-2-2,24990,sku,1.00,si,Chaleco de abrigo,50073,https://magicstore.com.ar/wp-content/uploads/2025/03/chaleco-azul-1.jpg,"Chaleco de abrigo, diseñado para ofrecer comodidad y protección adicional durante los días frescos. Su corte sin mangas permite mayor libertad de movimiento, mientras que su material de abrigo brinda calidez. Perfecto para combinar con camisetas, buzos o chaquetas, logrando un look casual y cómodo para los más chicos en cualquier temporada.",67500,https://magicstore.com.ar/chaleco-de-abrigo/
43001,GIRLS,Calza PST Girls,Calza PST Girls,4-6-8-10-12-14-16,1-1-2-2-2-2-2,5990,none,0.00,no,,,,,,
43054,GIRLS,Buzo capucha PST Girls,Buzo capucha PST Girls,6-8-10-12-14-16,1 X TALLE,19990,none,0.00,no,,,,,,
43057,GIRLS,Buzo CR PST Girls,Buzo CR PST Girls,4-6-8-10-12-14-16,1 X TALLE,12500,none,0.00,no,,,,,,
43193,GIRLS,Parka abrigo PST Girls,Parka abrigo PST Girls,4-6-8-10-12-14-16,1 X TALLE,24990,none,0.00,no,,,,,,
43454,GIRLS,Jogging PST Girls,Jogging PST Girls,4-6-8-10-12-14-16,1-1-2-2-2-2-2,14990,none,0.00,no,,,,,,
43514,GIRLS,Jogging PST Girls,Jogging PST Girls,6-8-10-12-14-16,1 X TALLE,14990,none,0.00,no,,,,,,
43518,GIRLS,Jogging PST Girls,Jogging PST Girls,4-6-8-10-12-14-16,1-1-2-2-2-2-2,14990,none,0.00,no,,,,,,
43520,GIRLS,Polera PST Girls,Polera PST Girls,8-10-12-14-16,1 X TALLE,7990,none,0.00,no,,,,,,
43632,GIRLS,Polera PST Girls,Polera PST Girls,4-6-8-10-12-14-16,1-1-2-2-2-2-2,8990,none,0.00,no,,,,,,
43938,GIRLS,Sweater Premium PST Girls,Sweater Premium PST Girls,4-6-8-10-12-14-16,1 X TALLE,24990,none,0.00,no,,,,,,
43939,GIRLS,Sweater Premium PST Girls,Sweater Premium PST Girls,4-6-8-10-12-14-16,1 X TALLE,24990,none,0.00,no,,,,,,
43940,GIRLS,Sweater Premium PST Girls,Sweater Premium PST Girls,4-6-8-10-12-14-16,1 X TALLE,24990,none,0.00,no,,,,,,
43941,GIRLS,Sweater Premium PST Girls,Sweater Premium PST Girls,4-6-8-10-12-14-16,1 X TALLE,24990,none,0.00,no,,,,,,
43942,GIRLS,Sweater Premium PST Girls,Sweater Premium PST Girls,4-6-8-10-12-14-16,1 X TALLE,24990,none,0.00,no,,,,,,
50119,BOYS,Buzo Capucha PST Boys,Buzo Capucha PST Boys,4-6-8-10-12-14-16,1-1-2-2-2-2-2,12500,none,0.00,no,,,,,,
80295,AVENGERS,Pijama ML Avengers,Pijama ML Avengers,2-4-6-8-10-12-14,1-2-2-2-1-1-1,14990,none,0.00,no,,,,,,
80388,CARS,Jogging Cars,Jogging Cars,2-4-6-8,2-2-1-1,19990,none,0.00,no,,,,,,
80789,AVENGERS,Chaleco Avengers,Chaleco Avengers,4-6-8-10-12,1 X TALLE,29990,none,0.00,no,,,,,,
80870,AVENGERS,Pijama ML Avengers,Pijama ML Avengers,2-4-6-8-10-12-14,1 X TALLE,14990,none,0.00,no,,,,,,
81009,SPIDERMAN,Pijama ML Spiderman,Pijama ML Spiderman,2-4-6-8-10-12-14,1-2-2-2-1-1-1,16990,none,0.00,no,,,,,,
81022,SPIDERMAN,Jogging Spiderman,Jogging Spiderman,2-4-6-8-10-12-14,1-2-2-2-1-1-1,16990,none,0.00,no,,,,,,
81063,SPIDERMAN,Campera Spiderman,Campera Spiderman,2-4-6-8-10-12-14,1-2-2-2-1-1-1,24990,none,0.00,no,,,,,,
81081,SPIDERMAN,Campera abrigo Premium Spiderman,Campera abrigo Premium Spiderman,4-6-8-10-12-14,1 X TALLE,19990,none,0.00,no,,,,,,
81421,AVENGERS,Pijama ML Avengers,Pijama ML Avengers,4-6-8-10-12-14,2-2-2-2-1-1,29990,none,0.00,no,,,,,,
81610,MICKEY,Campera abrigo Premium Mickey,Campera abrigo Premium Mickey,2-4-6-8,1 X TALLE,19990,none,0.00,no,,,,,,
82475,SURTIDO,Bombacha Disney surtido,Bombacha Disney surtido,2-4-6-8-10,1-2-2-2-1,2500,none,0.00,no,,,,,,
82631,SURTIDO,Calza surtido Disney,Calza surtido Disney,2-4-6-8-10,1-2-2-2-1,7500,none,0.00,no,,,,,,
82683,MINNIE,Bombacha Minnie,Bombacha Minnie,2-4-6-8-10,1-2-2-2-1,2990,none,0.00,no,,,,,,
82730,PRINCESAS,Vestido ML Princesas,Vestido ML Princesas,2-4-6-8-10-12,1-2-2-2-2-1,14990,none,0.00,no,,,,,,
82749,PRINCESAS,Bombacha Princesas,Bombacha Princesas,2-4-6-8-10,1-2-2-2-1,2990,none,0.00,no,,,,,,
82768,PRINCESAS,Bombacha Princesas,Bombacha Princesas,2-4-6-8-10,1-2-2-2-1,2990,none,0.00,no,,,,,,
82777,PRINCESAS,Camison ML Princesas,Camison ML Princesas,2-4-6-8-10-12,1-2-2-2-2-1,11990,none,0.00,no,,,,,,
82803,FROZEN,Campera Frozen,Campera Frozen,2-4-6-8-10,1-2-2-2-1,22500,none,0.00,no,,,,,,
83012,MINNIE,Campera Abrigo Premium Minnie,Campera Abrigo Premium Minnie,2-4-6-8-10,1 X TALLE,19990,none,0.00,no,,,,,,
83100,MINNIE,Bombacha Minnie,Bombacha Minnie,6-8-10,1 X TALLE,2990,none,0.00,no,,,,,,
83222,STITCH,Campera abrigo Premium Stitch,Campera abrigo Premium Stitch,4-6-8-10-12-14-16,1 X TALLE,19990,none,0.00,no,,,,,,
84608,KUROMI,REMERAS ML KUROMI,REMERAS ML KUROMI,8-10-12-14-16,1 X TALLE,9990,none,0.00,no,,,,,,
87023,DC,Boxer DC,Boxer DC,4-6-8-10-12-14,2-2-2-2-1-1,3990,none,0.00,no,,,,,,
87700,BLUEY,BOXER BLUEY,BOXER BLUEY,2-4-6-8,1 X TALLE,3990,none,0.00,no,,,,,,
88400,PAW PATROL MOVIE,Boxer Paw patrol movie,Boxer Paw patrol movie,2-4-6-8,1-2-2-1,3990,none,0.00,no,,,,,,
88401,PAW PATROL MOVIE,Top Paw patrol movie,Top Paw patrol movie,2-4-6-8,1-2-2-1,4990,none,0.00,no,,,,,,
88402,PAW PATROL MOVIE,Ciclista Paw patrol movie,Ciclista Paw patrol movie,2-4-6-8,1-2-2-1,6990,none,0.00,no,,,,,,
88407,PAW PATROL MOVIE,Short Paw patrol movie,Short Paw patrol movie,2-4-6-8,1 X TALLE,11990,none,0.00,no,,,,,,
91002,GIRLS,Campera de abrigo Parka Premium PST Girls,Campera de abrigo Parka Premium PST Girls,6-8-10-12-14-16,1 X TALLE,29990,none,0.00,no,,,,,,
91111,GIRLS,Campera de abrigo Premium NB Girls,Campera de abrigo Premium NB Girls,4-6-8-10-12-14-16,1-1-2-2-2-2-2,29990,none,0.00,no,,,,,,
91112,BOYS,Campera de abrigo Premium NB Boys,Campera de abrigo Premium NB Boys,8-10-12-14-16,1 X TALLE,19990,none,0.00,no,,,,,,
91113,GIRLS,Campera de abrigo Premium NB Girls,Campera de abrigo Premium NB Girls,6-8-10-12-14-16,1 X TALLE,24990,none,0.00,no,,,,,,
91114,BOYS,Campera de abrigo Premium NB Boys,Campera de abrigo Premium NB Boys,10-12-14-16,1 X TALLE,24990,none,0.00,no,,,,,,
609300,DC,Buzo Cap STN DC,Buzo Cap STN DC,XS-S-M-L-XL-XXL,1-2-2-2-2-1,32990,none,0.00,no,,,,,,
81611,MICKEY,Campera Cap Premium Mickey,Campera Cap Premium Mickey,2-4-6-8,2-2-1-1,24990,none,0.00,no,,,,,,
83013,MINNIE,Campera Cap Premium Minnie,Campera Cap Premium Minnie,2-4-6-8-10,1-2-2-2-1,24990,none,0.00,no,,,,,,
83224,STITCH,Bombacha Premium Stitch,Bombacha Premium Stitch,2-4-6-8-10-12,1-2-2-2-2-1,2990,none,0.00,no,,,,,,
43533,GIRLS,Chaleco PU PST Girls,Chaleco PU PST Girls,12-14-16,1 X TALLE,29990,none,0.00,no,,,,,,
70020,COLEGIAL,Campera POLAR PST COLEGIAL,Campera POLAR PST COLEGIAL,2-4-6-8-10-12-14-16,1 X TALLE,14990,none,0.00,no,,,,,,
71014,COLEGIAL,Jogging S/Puño Recto Rustico PST COLEGIAL S-XL,Jogging S/Puño Recto Rustico PST COLEGIAL S-XL,S-M-L-XL,1 X TALLE,14990,none,0.00,no,,,,,,
43103,COLEGIAL,Campera abrigo PST Girls,Campera abrigo PST Girls,4-6-8-10-12-14-16,1 X TALLE,24990,none,0.00,no,,,,,,
224,BOLSAS,Marvel 49x69x12 - Marvel,Marvel 49x69x12 - Marvel,unico,1,29990,none,0.00,no,,,,,,
228,BOLSAS,Papel Kraft Bco 32x22x10,Papel Kraft Bco 32x22x10,unico,1,44990,none,0.00,no,,,,,,
229,BOLSAS,Papel Kraft Bco 41x30x12,Papel Kraft Bco 41x30x12,unico,1,59990,none,0.00,no,,,,,,
230,BOLSAS,Tela Metalizada 40x40x14,Tela Metalizada 40x40x14,unico,1,49990,none,0.00,no,,,,,,
231,BOLSAS,Tela Blanca 50x39x10,Tela Blanca 50x39x10,unico,1,49990,none,0.00,no,,,,,,